employer,cities,lca_fy2025,ai_relevance,ai_share,homepage,domain,sector,top_roles,career_url,ats,slug,status,checked_at,notes
Amazon.Com Services,28,13036,medium,0.238,https://www.amazon.com,amazon.com,Retail Trade Group Two (as shown in profile NAICS Industry field),Software Developers — 16847; Computer and Information Systems Managers — 3181; Business Intelligence Analysts — 3160; Operations Research Analysts — 2874; Information Technology Project Managers — 2249,,,,,,
Microsoft,34,8050,medium,0.104,http://www.microsoft.com/,microsoft.com,Information,Software Developers — 17015; Data Scientists — 2014; Computer Systems Engineers/Architects — 1796; Information Technology Project Managers — 1735; Electrical Engineers — 638,,,,,,
Google,18,7418,low,0.070,https://www.google.com,google.com,"Professional, Scientific, and Technical Services",Software Developers — 19221; Computer Systems Engineers/Architects — 1240; Business Intelligence Analysts — 1083; Computer Hardware Engineers — 775; Data Scientists — 684,,,,,,
Apple,12,6202,low,0.023,http://www.apple.com/,apple.com,"Machinery, Equipment, and Durable Goods Manufacturing","Software Developers — 6253; Electronics Engineers, Except Computer — 2383; Electrical Engineers — 790; Computer and Information Systems Managers — 726; Mechanical Engineers — 596",,,,,,
Meta Platforms,21,5980,medium,0.120,https://www.meta.com,meta.com,Information,Software Developers — 9518; Computer and Information Research Scientists — 1134; Data Scientists — 1029; Information Technology Project Managers — 673; Computer and Information Systems Managers — 671,,,,,,
Ernst & Young U.S,43,5551,medium,0.185,https://ey.com,ey.com,"Professional, Scientific, and Technical Services",Accountants and Auditors — 9019; Software Developers — 4300; Database Administrators — 3584; Financial and Investment Analysts — 3058; Computer and Information Systems Managers — 2132,,,,,,
Tata Consultancy Services,41,3262,low,0.018,https://www.tcs.com/,tcs.com,"Professional, Scientific, and Technical Services",Computer Systems Engineers/Architects — 10338; Computer Programmers — 4029; Computer Systems Analysts — 3441; Software Developers — 1854; Information Technology Project Managers — 1483,,,,,,
Cognizant Technology Solutions Us,46,3168,low,0.026,https://www.cognizant.com,cognizant.com,"Professional, Scientific, and Technical Services",Computer Systems Analysts — 1222; Computer Programmers — 1151; Information Technology Project Managers — 902; Computer Systems Engineers/Architects — 791; Management Analysts — 547,,,,,,
Amazon Web Services,30,2691,medium,0.161,https://aws.amazon.com,aws.amazon.com,Information,Software Developers — 6127; Computer Systems Analysts — 925; Operations Research Analysts — 730; Computer and Information Systems Managers — 542; Business Intelligence Analysts — 383,,,,,,
Jpmorgan Chase &,18,2548,medium,0.130,https://www.jpmorganchase.com,jpmorganchase.com,Management of Companies and Enterprises,Software Developers — 5881; Financial and Investment Analysts — 596; Financial Quantitative Analysts — 513; Business Intelligence Analysts — 484; Data Scientists — 456,,,,,,
Infosys,37,2281,low,0.000,https://www.infosys.com,infosys.com,"Professional, Scientific, and Technical Services",Information Technology Project Managers — 7151; Computer Systems Engineers/Architects — 5245; Computer Systems Analysts — 3230; Management Analysts — 1458; Software Quality Assurance Analysts and Testers — 1034,,,,,,
Tesla,14,2142,low,0.030,https://www.tesla.com/,tesla.com,"Machinery, Equipment, and Durable Goods Manufacturing",Software Developers — 1210; Manufacturing Engineers — 1059; Mechanical Engineers — 766; Industrial Engineers — 765; Electrical Engineers — 343,,,,,,
Amazon Development Center U.S,16,2112,low,0.084,,,Information,Software Developers — 4494; Computer and Information Systems Managers — 405; Operations Research Analysts — 267; Computer and Information Research Scientists — 242; Information Technology Project Managers — 207,,,,needs_url,,
Deloitte Consulting,36,2082,medium,0.148,https://www.deloitte.com,deloitte.com,"Professional, Scientific, and Technical Services",Software Developers — 4138; Computer and Information Systems Managers — 3071; Operations Research Analysts — 833; Software Quality Assurance Analysts and Testers — 359; Computer Systems Engineers/Architects — 318,,,,,,
Nvidia,10,1498,low,0.000,https://www.nvidia.com,nvidia.com,"Machinery, Equipment, and Durable Goods Manufacturing","Software Developers — 1505; Electronics Engineers, Except Computer — 1243; Architectural and Engineering Managers — 279; Computer and Information Research Scientists — 216; Sales Engineers — 183",,,,,,
Wal-Mart Associates,8,1380,medium,0.223,https://www.walmart.com,walmart.com,Retail Trade Group Two,Software Developers — 6947; Business Intelligence Analysts — 1336; Data Scientists — 1070; Information Technology Project Managers — 687; Computer and Information Systems Managers — 207,,,,,,
Hcl America,33,1373,low,0.000,https://www.hcltech.com/,hcltech.com,"Professional, Scientific, and Technical Services",Computer Programmers — 2334; Information Technology Project Managers — 2308; Computer Systems Engineers/Architects — 2152; Computer Systems Analysts — 1179; Software Quality Assurance Analysts and Testers — 654,,,,,,
Salesforce,23,1351,low,0.043,https://www.salesforce.com/,salesforce.com,"Professional, Scientific, and Technical Services",Software Developers — 3349; Computer Systems Engineers/Architects — 659; Information Technology Project Managers — 450; Computer and Information Systems Managers — 404; Software Quality Assurance Analysts and Testers — 302,,,,,,
Bytedance,5,1333,medium,0.224,https://www.bytedance.com/en,bytedance.com,Information,Software Developers — 1402; Data Scientists — 358; Marketing Managers — 189; Information Technology Project Managers — 152; Operations Research Analysts — 142,,,,,,
Ltimindtree,23,1265,low,0.021,https://www.ltimindtree.com/,ltimindtree.com,"Professional, Scientific, and Technical Services",Software Developers — 2127; Computer Systems Engineers/Architects — 1651; Computer Systems Analysts — 1075; Information Technology Project Managers — 893; Software Quality Assurance Analysts and Testers — 657,,,,,,
Ibm,31,1247,low,0.027,https://www.ibm.com,ibm.com,"Professional, Scientific, and Technical Services",Computer Systems Analysts — 3949; Software Developers — 1152; Computer Programmers — 1042; Computer Systems Engineers/Architects — 1029; Software Quality Assurance Analysts and Testers — 726,,,,,,
Accenture,42,1242,low,0.000,https://www.accenture.com,accenture.com,"Professional, Scientific, and Technical Services",Computer Systems Analysts — 3452; Computer Programmers — 1348; Computer Systems Engineers/Architects — 1136; Information Technology Project Managers — 1018; Software Quality Assurance Analysts and Testers — 615,,,,,,
"Citibank, N.A",8,1138,medium,0.157,http://citi.com,citi.com,Finance and Insurance,Software Developers — 1374; Financial Quantitative Analysts — 339; Business Intelligence Analysts — 281; Financial and Investment Analysts — 239; Financial Risk Specialists — 223,,,,,,
Wipro,33,1037,low,0.015,https://www.wipro.com,wipro.com,"Professional, Scientific, and Technical Services",Computer Programmers — 2213; Computer Systems Engineers/Architects — 1317; Computer Systems Analysts — 1212; Information Technology Project Managers — 925; Network and Computer Systems Administrators — 381,,,,,,
Paypal,6,1031,medium,0.143,https://paypal.com/us/home,paypal.com,Finance and Insurance,Software Developers — 1764; Computer and Information Systems Managers — 390; Data Scientists — 215; Information Technology Project Managers — 122; Operations Research Analysts — 77,,,,,,
Capgemini America,33,1029,low,0.009,https://www.capgemini.com,capgemini.com,"Professional, Scientific, and Technical Services",Software Developers — 4720; Software Quality Assurance Analysts and Testers — 1411; Computer Programmers — 1078; Computer Systems Analysts — 963; Information Technology Project Managers — 496,,,,,,
Adobe,5,1003,medium,0.166,https://www.adobe.com,adobe.com,"Professional, Scientific, and Technical Services",Software Developers — 1426; Computer Systems Engineers/Architects — 300; Data Scientists — 251; Business Intelligence Analysts — 209; Computer and Information Research Scientists — 164,,,,,,
"Fidelity Technology Group, Llc D/B/A Fidelity Investments",2,916,low,0.038,https://www.fidelity.com,fidelity.com,Finance and Insurance,Software Developers — 4616; Computer Systems Engineers/Architects — 112; Database Administrators — 92; Computer Systems Analysts — 88; Data Scientists — 87,,,,,,
Goldman Sachs &,4,899,low,0.077,https://goldmansachs.com,goldmansachs.com,Finance and Insurance,Financial and Investment Analysts — 841; Financial Quantitative Analysts — 683; Software Developers — 635; Financial Risk Specialists — 512; Accountants and Auditors — 280,,,,,,
Tiktok,2,887,high,0.300,https://www.tiktok.com,tiktok.com,Information,Software Developers — 833; Data Scientists — 334; Market Research Analysts and Marketing Specialists — 91; Information Technology Project Managers — 79; Marketing Managers — 72,,,,,,
Linkedin,7,833,medium,0.158,https://www.linkedin.com,linkedin.com,Information,Software Developers — 1950; Computer and Information Systems Managers — 230; Data Scientists — 173; Operations Research Analysts — 127; Project Management Specialists — 120,,,,,,
Uber Technologies,7,827,high,0.259,https://www.uber.com/,uber.com,"Professional, Scientific, and Technical Services",Software Developers — 1343; Operations Research Analysts — 248; Data Scientists — 193; Computer and Information Systems Managers — 130; Statisticians — 72,,,,,,
Compunnel Software Group,35,796,low,0.066,https://www.compunnel.com,compunnel.com,"Professional, Scientific, and Technical Services",Software Developers — 3250; Computer Systems Analysts — 963; Software Quality Assurance Analysts and Testers — 539; Computer Systems Engineers/Architects — 417; Business Intelligence Analysts — 177,,,,,,
Pricewaterhousecoopers Advisory Services,19,763,high,0.284,https://www.pwc.com/,pwc.com,"Professional, Scientific, and Technical Services",Computer and Information Systems Managers — 867; Operations Research Analysts — 627; Software Developers — 427; Information Security Analysts — 295; Computer Systems Engineers/Architects — 105,,,,,,
Deloitte & Touche,28,710,low,0.060,https://www.deloitte.com,deloitte.com,"Professional, Scientific, and Technical Services",Accountants and Auditors — 2206; Information Security Analysts — 1122; Management Analysts — 269; Operations Research Analysts — 189; Computer and Information Systems Managers — 163,,,,,,
Advanced Micro Devices,5,678,low,0.017,https://www.amd.com,amd.com,"Machinery, Equipment, and Durable Goods Manufacturing","Electronics Engineers, Except Computer — 1324; Software Developers — 545; Information Technology Project Managers — 46; Computer and Information Systems Managers — 28; Business Intelligence Analysts — 24",,,,,,
Intel,9,673,low,0.016,https://www.intel.com,intel.com,"Machinery, Equipment, and Durable Goods Manufacturing","Electronics Engineers, Except Computer — 3676; Software Developers — 2421; Materials Engineers — 2386; Architectural and Engineering Managers — 470; Industrial Engineers — 263",,,,,,
Amazon Data Services,10,670,medium,0.121,,,Information,Software Developers — 698; Civil Engineers — 268; Computer Network Architects — 245; Industrial Engineers — 230; Information Technology Project Managers — 181,,,,needs_url,,
Mphasis,20,636,low,0.011,https://www.mphasis.com/,mphasis.com,"Professional, Scientific, and Technical Services",Computer Programmers — 3396; Software Quality Assurance Analysts and Testers — 445; Computer Systems Engineers/Architects — 225; Information Technology Project Managers — 209; Software Developers — 97,,,,,,
Tech Mahindra (Americas),18,627,low,0.000,https://www.techmahindra.com,techmahindra.com,"Professional, Scientific, and Technical Services",Software Developers — 1176; Computer Systems Analysts — 878; Computer Programmers — 550; Software Quality Assurance Analysts and Testers — 359; Mechanical Engineers — 226,,,,,,
Visa Technology & Operations,7,603,medium,0.158,http://visa.com,visa.com,Finance and Insurance,Software Developers — 887; Computer Systems Engineers/Architects — 463; Information Technology Project Managers — 330; Software Quality Assurance Analysts and Testers — 220; Data Scientists — 170,,,,,,
Qualcomm Technologies,6,594,low,0.003,https://www.qualcomm.com/,qualcomm.com,"Machinery, Equipment, and Durable Goods Manufacturing","Electronics Engineers, Except Computer — 4217; Software Developers — 3464; Architectural and Engineering Managers — 85; Computer Systems Analysts — 81; Industrial Production Managers — 74",,,,,,
Bank Of America N.A,9,563,medium,0.188,https://www.bankofamerica.com/,bankofamerica.com,Finance and Insurance,Software Developers — 1202; Operations Research Analysts — 342; Financial and Investment Analysts — 107; Computer Systems Engineers/Architects — 96; Financial Quantitative Analysts — 88,,,,,,
Cisco Systems,11,552,low,0.079,https://www.cisco.com,cisco.com,"Machinery, Equipment, and Durable Goods Manufacturing",Software Developers — 1265; Information Technology Project Managers — 431; Sales Engineers — 279; Network and Computer Systems Administrators — 254; Computer Systems Engineers/Architects — 204,,,,,,
Boston Consulting Group,12,546,medium,0.104,https://www.bcg.com,bcg.com,"Professional, Scientific, and Technical Services",Management Analysts — 1313; Data Scientists — 132; Software Developers — 83; Information Technology Project Managers — 68; Market Research Analysts and Marketing Specialists — 38,,,,,,
Intuit,5,546,medium,0.231,https://www.intuit.com,intuit.com,"Professional, Scientific, and Technical Services",Software Developers — 736; Operations Research Analysts — 329; Computer and Information Systems Managers — 263; Project Management Specialists — 140; Graphic Designers — 80,,,,,,
Servicenow,8,529,medium,0.152,https://www.servicenow.com/,servicenow.com,"Professional, Scientific, and Technical Services",Software Developers — 1077; Software Quality Assurance Analysts and Testers — 313; Database Administrators — 247; Sales Engineers — 235; Computer and Information Systems Managers — 177,,,,,,
Deloitte Tax,20,523,low,0.022,https://www.deloitte.com/,deloitte.com,"Professional, Scientific, and Technical Services",Accountants and Auditors — 2050; Software Developers — 210; Operations Research Analysts — 55; Financial Managers — 42; Computer Systems Engineers/Architects — 39,,,,,,
Bloomberg,3,507,low,0.086,http://www.bloomberg.com,bloomberg.com,Information,"Software Developers — 687; Computer and Information Systems Managers — 201; Business Intelligence Analysts — 46; News Analysts, Reporters, and Journalists — 31; Data Scientists — 30",,,,,,
Expedia,5,497,medium,0.121,https://expedia.com,expedia.com,Information,Software Developers — 761; Computer and Information Systems Managers — 169; Information Technology Project Managers — 112; Data Scientists — 101; Business Intelligence Analysts — 35,,,,,,
Doordash,5,492,high,0.290,https://doordash.com,doordash.com,"Professional, Scientific, and Technical Services",Software Developers — 642; Operations Research Analysts — 142; Data Scientists — 138; Computer Systems Engineers/Architects — 71; Information Technology Project Managers — 55,,,,,,
"Mckinsey & Company, Inc. United States",14,489,medium,0.247,https://www.mckinsey.com/,mckinsey.com,"Professional, Scientific, and Technical Services",Management Analysts — 1114; Software Developers — 219; Data Scientists — 184; Operations Research Analysts — 93; Business Intelligence Analysts — 86,,,,,,
Palo Alto Networks,2,489,low,0.000,https://www.paloaltonetworks.com,paloaltonetworks.com,"Professional, Scientific, and Technical Services",Software Developers — 709; Network and Computer Systems Administrators — 164; Computer and Information Systems Managers — 71; Sales Engineers — 71; Software Quality Assurance Analysts and Testers — 64,,,,,,
Blackrock Financial Management,6,480,low,0.062,https://www.blackrock.com,blackrock.com,Finance and Insurance,Software Developers — 518; Financial Quantitative Analysts — 336; Financial and Investment Analysts — 216; Data Scientists — 39; Business Intelligence Analysts — 37,,,,,,
Ebay,3,472,medium,0.127,https://www.ebay.com,ebay.com,Retail Trade Group Two,"Software Developers — 1249; Computer and Information Systems Managers — 264; Software Developers, Applications — 156; Data Scientists — 113; Information Technology Project Managers — 69",,,,,,
Trustees Of The University Of Pennsylvania,2,467,low,0.089,https://www.upenn.edu/,upenn.edu,Educational Services,"Medical Scientists, Except Epidemiologists — 322; Biochemists and Biophysicists — 109; Health Specialties Teachers, Postsecondary — 67; Bioinformatics Scientists — 51; Physicians, All Other — 47",,,,,,
Goldman Sachs Services,2,445,low,0.057,https://goldmansachs.com,goldmansachs.com,Finance and Insurance,Software Developers — 1223; Financial Risk Specialists — 89; Computer and Information Systems Managers — 73; Business Intelligence Analysts — 68; Financial Quantitative Analysts — 50,,,,,,
Morgan Stanley Services Group,4,440,low,0.000,https://www.morganstanley.com/,morganstanley.com,Finance and Insurance,Software Developers — 1050; Financial Risk Specialists — 115; Computer Systems Analysts — 92; Financial Quantitative Analysts — 66; Software Quality Assurance Analysts and Testers — 64,,,,,,
Columbia University,1,439,low,0.000,https://www.columbia.edu/,columbia.edu,Educational Services,"Medical Scientists, Except Epidemiologists — 390; Molecular and Cellular Biologists — 89; Bioinformatics Scientists — 59; Health Specialties Teachers, Postsecondary — 53; Physicists — 42",,,,,,
"Wells Fargo Bank, N.A",8,430,low,0.088,https://www.wellsfargo.com/,wellsfargo.com,Finance and Insurance,Software Developers — 1098; Mathematicians — 113; Financial Quantitative Analysts — 100; Statisticians — 92; Computer Systems Analysts — 39,,,,,,
U.S. Bank National Association,9,429,low,0.068,https://usbank.com,usbank.com,Finance and Insurance,Software Developers — 1427; Information Technology Project Managers — 106; Statisticians — 67; Data Scientists — 57; Computer and Information Systems Managers — 32,,,,,,
Oracle America,16,421,low,0.026,http://www.oracle.com,oracle.com,Information,Software Developers — 2027; Computer Systems Analysts — 233; Computer and Information Systems Managers — 221; Software Quality Assurance Analysts and Testers — 116; Sales Engineers — 112,,,,,,
Emory University,1,407,low,0.000,https://www.emory.edu/,emory.edu,Educational Services,"Medical Scientists, Except Epidemiologists — 178; Physicians, All Other — 131; Biological Technicians — 97; Molecular and Cellular Biologists — 90; Biochemists and Biophysicists — 56",,,,,,
Comcast Cable Communications,11,386,low,0.078,https://www.xfinity.com,xfinity.com,Telecommunications,"Information Security Engineers — 64; Management Analysts — 61; Software Developers, Systems Software — 49; Information Technology Project Managers — 43; Computer Systems Analysts — 40",,,,,,
Lowe's Companies,1,386,medium,0.128,https://www.lowes.com/,lowes.com,Retail Trade,"Software Developers — 854; Data Scientists — 142; Information Technology Project Managers — 42; Computer Systems Engineers/Architects — 33; Software Developers, Applications — 25",,,,,,
University Of Pittsburgh,1,371,low,0.000,https://www.pitt.edu,pitt.edu,Educational Services,"Medical Scientists, Except Epidemiologists — 316; Health Specialties Teachers, Postsecondary — 100; Biological Technicians — 81; Radiologists — 79; Physicians, All Other — 77",,,,,,
"University Of California, San Francisco",2,367,low,0.007,https://www.ucsf.edu/,ucsf.edu,Educational Services,"Biochemists and Biophysicists — 584; Health Specialties Teachers, Postsecondary — 157; Medical Scientists, Except Epidemiologists — 93; Physicians, All Other — 53; Bioinformatics Scientists — 43",,,,,,
Ut Southwestern Medical Center,1,362,low,0.026,https://utsouthwestern.edu,utsouthwestern.edu,Educational Services,"Medical Scientists, Except Epidemiologists — 422; Molecular and Cellular Biologists — 133; Biochemists and Biophysicists — 51; Bioinformatics Scientists — 50; General Internal Medicine Physicians — 28",,,,,,
Pinterest,4,356,medium,0.233,https://www.pinterest.com,pinterest.com,Information,Software Developers — 585; Data Scientists — 146; Computer and Information Systems Managers — 50; Statisticians — 49; Information Technology Project Managers — 29,,,,,,
Applied Materials,3,351,low,0.000,https://www.appliedmaterials.com,appliedmaterials.com,"Machinery, Equipment, and Durable Goods Manufacturing",Industrial Engineers — 198; Mechanical Engineers — 136; Materials Engineers — 123; Computer Systems Analysts — 70; Software Developers — 68,,,,,,
Dallas Independent School District,1,349,low,0.003,https://www.dallasisd.org/,dallasisd.org,Educational Services,"Elementary School Teachers, Except Special Education — 675; Secondary School Teachers, Except Special and Career/Technical Education — 121; Middle School Teachers, Except Special and Career/Technical Education — 55; Special Education Teachers, Elementary School — 42; Special Education Teachers, Middle School — 22",,,,,,
At&T Services,5,345,low,0.072,https://www.att.com,att.com,Information,Software Developers — 647; Computer Systems Engineers/Architects — 221; Information Technology Project Managers — 164; Software Quality Assurance Analysts and Testers — 72; Computer Network Architects — 68,,,,,,
The University Of Chicago,1,337,medium,0.114,https://uchicago.edu,uchicago.edu,Educational Services,"Medical Scientists, Except Epidemiologists — 116; Chemists — 62; Data Scientists — 57; Bioinformatics Scientists — 51; Physicists — 47",,,,,,
T-Mobile Usa,3,336,medium,0.160,https://www.t-mobile.com,t-mobile.com,Information,Software Developers — 569; Electrical Engineers — 121; Information Technology Project Managers — 109; Business Intelligence Analysts — 85; Computer Systems Engineers/Architects — 84,,,,,,
Databricks,5,329,low,0.040,https://www.databricks.com/,databricks.com,"Professional, Scientific, and Technical Services",Software Developers — 555; Computer Systems Engineers/Architects — 142; Sales Engineers — 82; Computer and Information Systems Managers — 59; Data Scientists — 25,,,,,,
Kforce,20,325,medium,0.219,https://www.kforce.com/,kforce.com,"Professional, Scientific, and Technical Service",Software Developers — 1528; Operations Research Analysts — 292; Business Intelligence Analysts — 144; Computer Network Architects — 34; Database Architects — 32,,,,,,
Snap,5,303,low,0.086,https://snap.com,snap.com,Information,"Software Developers — 749; Software Developers, Applications — 99; Data Scientists — 65; Information Technology Project Managers — 59; Business Intelligence Analysts — 28",,,,,,
The University Of Texas M.D. Anderson Cancer Center,1,301,low,0.014,https://www.mdanderson.org,mdanderson.org,Educational Services,"Medical Scientists, Except Epidemiologists — 280; Biochemists and Biophysicists — 259; Bioinformatics Scientists — 71; Health Specialties Teachers, Postsecondary — 39; Biological Technicians — 30",,,,,,
The Trustees Of Princeton University,1,296,low,0.000,https://princeton.edu,princeton.edu,Educational Services,"Physicists — 93; Chemists — 57; Medical Scientists, Except Epidemiologists — 55; Computer and Information Research Scientists — 33; Mechanical Engineers, R&D — 33",,,,,,
Infocons,6,295,low,0.018,,,not listed,Software Developers — 590; Software Quality Assurance Analysts and Testers — 119; Computer Systems Analysts — 45; Database Administrators — 9; Mechanical Engineers — 6,,,,needs_url,,
Intuitive Surgical Operations,1,295,low,0.048,https://www.intuitive.com,intuitive.com,"Machinery, Equipment, and Durable Goods Manufacturing",Software Developers — 136; Industrial Engineers — 74; Manufacturing Engineers — 63; Bioengineers and Biomedical Engineers — 46; Computer Systems Analysts — 43,,,,,,
Sap America,9,289,low,0.020,http://www.sap.com,sap.com,"Professional, Scientific, and Technical Services",Computer Systems Analysts — 810; Software Developers — 73; Computer and Information Systems Managers — 33; Sales Engineers — 24; Information Security Analysts — 16,,,,,,
The Vanguard Group,8,286,high,0.396,https://www.vanguard.com/,vanguard.com,Finance and Insurance,Software Developers — 267; Database Administrators — 115; Computer Systems Analysts — 78; Database Architects — 56; Data Scientists — 56,,,,,,
Kpmg,14,283,low,0.015,https://www.kpmg.com,kpmg.com,"Professional, Scientific, and Technical Services",Accountants and Auditors — 547; Software Developers — 228; Financial and Investment Analysts — 142; Computer and Information Systems Managers — 94; Information Security Analysts — 44,,,,,,
Virtusa,11,280,low,0.023,https://www.virtusa.com/,virtusa.com,"Professional, Scientific, and Technical Services",Software Developers — 291; Human Resources Specialists — 15; Information Security Analysts — 10; Computer Systems Analysts — 7; Computer Systems Engineers/Architects — 6,,,,,,
Truist Bank,3,277,medium,0.211,https://www.truist.com,truist.com,Finance and Insurance,Software Developers — 388; Data Scientists — 100; Computer and Information Systems Managers — 77; Computer Systems Engineers/Architects — 40; Information Technology Project Managers — 40,,,,,,
Bofa Securities,3,271,low,0.072,,,Finance and Insurance,"Financial and Investment Analysts — 495; Financial Quantitative Analysts — 68; Software Developers — 62; Operations Research Analysts — 47; Securities, Commodities, and Financial Services Sales Agents — 7",,,,needs_url,,
Capital One Services,6,271,high,0.421,http://www.capitalone.com,capitalone.com,Finance and Insurance,Software Developers — 1005; Data Scientists — 736; Computer and Information Research Scientists — 15; Database Administrators — 4; Operations Research Analysts — 3,,,,,,
Hewlett Packard Enterprise,5,269,low,0.021,https://www.hpe.com,hpe.com,"Professional, Scientific, and Technical Services",Computer Systems Engineers/Architects — 725; Software Developers — 571; Information Technology Project Managers — 139; Data Scientists — 34; Software Quality Assurance Analysts and Testers — 34,,,,,,
The University Of Texas At Austin,1,269,low,0.000,http://www.utexas.edu/,utexas.edu,Educational Services,"Geoscientists, Except Hydrologists and Geographers — 62; Physicists — 35; Biochemists and Biophysicists — 31; Engineering Teachers, Postsecondary — 29; Foreign Language and Literature Teachers, Postsecondary — 25",,,,,,
Duke University,1,264,low,0.051,https://duke.edu/,duke.edu,Educational Services,"Biochemists and Biophysicists — 290; Medical Scientists, Except Epidemiologists — 57; Health Specialties Teachers, Postsecondary — 47; Biological Technicians — 36; Biostatisticians — 28",,,,,,
Juniper Networks,2,259,low,0.000,https://www.juniper.net,juniper.net,"Machinery, Equipment, and Durable Goods Manufacturing","Software Developers — 490; Computer Network Architects — 169; Software Quality Assurance Analysts and Testers — 81; Electronics Engineers, Except Computer — 57; Sales Engineers — 49",,,,,,
Randstad Digital,14,256,low,0.030,https://www.randstaddigital.com/,randstaddigital.com,"Professional, Scientific, and Technical Services",Software Developers — 1186; Software Quality Assurance Analysts and Testers — 141; Computer Systems Engineers/Architects — 77; Computer Systems Analysts — 71; Information Technology Project Managers — 37,,,,,,
Synechron,8,256,low,0.069,https://www.synechron.com/,synechron.com,"Professional, Scientific, and Technical Services",Software Developers — 1109; Software Quality Assurance Analysts and Testers — 311; Business Intelligence Analysts — 103; Computer Systems Engineers/Architects — 99; Information Technology Project Managers — 72,,,,,,
Baylor College Of Medicine,1,254,low,0.031,https://www.bcm.edu/,bcm.edu,Educational Services,"Medical Scientists, Except Epidemiologists — 351; Biochemists and Biophysicists — 101; Biological Technicians — 77; Health Specialties Teachers, Postsecondary — 35; Bioinformatics Scientists — 25",,,,,,
Snowflake,4,253,medium,0.113,https://www.snowflake.com,snowflake.com,Information,Software Developers — 444; Sales Engineers — 129; Information Technology Project Managers — 56; Database Administrators — 47; Computer Systems Engineers/Architects — 41,,,,,,
Mpg Operations,2,252,medium,0.209,,,Finance and Insurance,Software Developers — 170; Financial and Investment Analysts — 104; Data Scientists — 70; Financial Quantitative Analysts — 64; Mathematicians — 52,,,,needs_url,,
Icahn School Of Medicine At Mount Sinai,1,251,low,0.049,https://icahn.mssm.edu,icahn.mssm.edu,Health Care and Social Assistance,"Medical Scientists, Except Epidemiologists — 356; Healthcare Practitioners and Technical Workers, All Other — 110; Physicians, All Other — 59; Bioinformatics Scientists — 51; Biological Technicians — 43",,,,,,
People Tech Group,5,249,low,0.095,https://peopletech.com,peopletech.com,"Professional, Scientific, and Technical Services",Software Developers — 445; Computer Systems Engineers/Architects — 123; Computer Systems Analysts — 73; Data Scientists — 51; Information Technology Project Managers — 46,,,,,,
Tiktok U.S. Data Security,3,249,high,0.311,,,Information,Software Developers — 329; Data Scientists — 115; Computer Systems Analysts — 25; Operations Research Analysts — 25; Information Security Analysts — 24,,,,needs_url,,
Memorial Sloan Kettering Cancer Center,1,248,low,0.000,http://www.mskcc.org/,mskcc.org,Health Care and Social Assistance,"Medical Scientists, Except Epidemiologists — 382; Physicians, All Other — 137; Biological Technicians — 63; Software Developers — 54; Bioinformatics Scientists — 32",,,,,,
Nutanix,3,242,low,0.014,https://nutanix.com,nutanix.com,Information,"Software Developers — 452; Software Developers, Systems Software — 80; Software Quality Assurance Analysts and Testers — 56; Computer and Information Systems Managers — 37; Architectural and Engineering Managers — 31",,,,,,
Federal Express,8,241,high,0.275,https://www.fedex.com,fedex.com,Warehouse and Distribution,Software Developers — 628; Data Scientists — 177; Information Technology Project Managers — 150; Statisticians — 133; Business Intelligence Analysts — 126,,,,,,
Atlassian Us,7,235,medium,0.175,https://www.atlassian.com,atlassian.com,"Professional, Scientific, and Technical Services",Software Developers — 398; Data Scientists — 91; Computer and Information Systems Managers — 79; Information Technology Project Managers — 40; Database Architects — 16,,,,,,
Cadence Design Systems,3,233,low,0.000,https://www.cadence.com,cadence.com,"Machinery, Equipment, and Durable Goods Manufacturing","Electronics Engineers, Except Computer — 246; Software Developers — 241; Sales Engineers — 200; Architectural and Engineering Managers — 30; Mechanical Engineers — 18",,,,,,
Cgi Technologies And Solutions,12,231,low,0.046,,,"Professional, Scientific, and Technical Services",Software Developers — 1289; Software Quality Assurance Analysts and Testers — 231; Computer Systems Analysts — 201; Computer Programmers — 167; Information Technology Project Managers — 159,,,,needs_url,,
Docusign,9,227,low,0.070,https://www.docusign.com,docusign.com,"Professional, Scientific, and Technical Services",Software Developers — 569; Information Technology Project Managers — 83; Computer and Information Systems Managers — 82; Business Intelligence Analysts — 35; Data Scientists — 25,,,,,,
University Of Washington,1,225,low,0.000,https://www.washington.edu,washington.edu,Educational Services,"Health Specialties Teachers, Postsecondary — 91; Medical Scientists, Except Epidemiologists — 76; Biochemists and Biophysicists — 52; Computer Science Teachers, Postsecondary — 28; Mathematical Science Teachers, Postsecondary — 26",,,,,,
Ubs Business Solutions Us,2,222,low,0.046,https://www.ubs.com,ubs.com,Finance and Insurance,Software Developers — 426; Financial Quantitative Analysts — 161; Financial and Investment Analysts — 137; Software Quality Assurance Analysts and Testers — 63; Information Technology Project Managers — 61,,,,,,
Charles Schwab &,3,220,low,0.040,https://www.schwab.com,schwab.com,Finance and Insurance,Software Developers — 1039; Software Quality Assurance Analysts and Testers — 200; Computer and Information Systems Managers — 43; Information Technology Project Managers — 41; Data Scientists — 24,,,,,,
Morgan Stanley &,2,220,medium,0.116,https://www.morganstanley.com,morganstanley.com,Finance and Insurance,Financial and Investment Analysts — 309; Financial Quantitative Analysts — 115; Statisticians — 71; Financial Risk Specialists — 32; Financial Analysts — 27,,,,,,
Arm,3,219,low,0.000,https://www.arm.com,arm.com,"Machinery, Equipment, and Durable Goods Manufacturing","Electronics Engineers, Except Computer — 410; Software Developers — 107; Computer Hardware Engineers — 32; Architectural and Engineering Managers — 11; Computer and Information Systems Managers — 10",,,,,,
Waymo,2,216,low,0.045,https://waymo.com,waymo.com,"Professional, Scientific, and Technical Services",Software Developers — 483; Robotics Engineers — 42; Data Scientists — 30; Computer Hardware Engineers — 29; Computer and Information Research Scientists — 27,,,,,,
North Carolina State University,1,214,low,0.000,https://ncsu.edu,ncsu.edu,Educational Services,"Soil and Plant Scientists — 46; Veterinarians — 45; Engineering Teachers, Postsecondary — 29; Health Specialties Teachers, Postsecondary — 24; Computer Science Teachers, Postsecondary — 22",,,,,,
United Services Automobile Association,3,213,medium,0.118,https://www.usaa.com/,usaa.com,Finance and Insurance,Software Developers — 363; Operations Research Analysts — 26; Network and Computer Systems Administrators — 22; Data Scientists — 14; Computer Systems Analysts — 10,,,,,,
Airbnb,2,212,medium,0.178,https://www.airbnb.com,airbnb.com,Administrative and Support and Waste Management and Remediation Services,Software Developers — 379; Data Scientists — 36; Architectural and Engineering Managers — 25; Business Intelligence Analysts — 23; Statisticians — 23,,,,,,
Starbucks Coffee,1,210,low,0.091,https://www.starbucks.com/,starbucks.com,"Food, Beverage, and Consumer Goods Manufacturing",Software Developers — 194; Computer Systems Engineers/Architects — 90; Computer Systems Analysts — 80; Information Technology Project Managers — 52; Software Quality Assurance Analysts and Testers — 32,,,,,,
Zoom Communications,2,210,low,0.025,https://www.zoom.com,zoom.com,"Professional, Scientific, and Technical Services",Software Developers — 155; Computer and Information Systems Managers — 16; Computer and Information Research Scientists — 10; Information Technology Project Managers — 5; Data Scientists — 3,,,,,,
Hexaware Technologies,12,207,low,0.027,https://www.hexaware.com,hexaware.com,"Professional, Scientific, and Technical Services",Computer Programmers — 553; Software Developers — 423; Computer Systems Engineers/Architects — 277; Software Quality Assurance Analysts and Testers — 203; Computer Systems Analysts — 150,,,,,,
Nyu Grossman School Of Medicine,1,207,medium,0.106,https://med.nyu.edu,med.nyu.edu,Educational Services,"Medical Scientists, Except Epidemiologists — 289; Biochemists and Biophysicists — 33; Bioinformatics Scientists — 30; Biological Scientists, All Other — 27; Biostatisticians — 21",,,,,,
Ust Global,13,206,low,0.014,https://ust-global.com,ust-global.com,"Professional, Scientific, and Technical Services",Software Developers — 569; Computer Systems Analysts — 434; Computer Programmers — 381; Software Quality Assurance Analysts and Testers — 322; Information Technology Project Managers — 259,,,,,,
Brigham And Women's Hospital,1,204,low,0.042,https://www.brighamandwomens.org,brighamandwomens.org,Health Care and Social Assistance,"Medical Scientists, Except Epidemiologists — 180; Physicians, All Other — 126; Biochemists and Biophysicists — 124; Epidemiologists — 26; Bioinformatics Scientists — 24",,,,,,
Zs Associates,6,204,high,0.437,https://www.zs.com/,zs.com,"Professional, Scientific, and Technical Services",Software Developers — 27; Operations Research Analysts — 381; Information Technology Project Managers — 356; Computer Systems Analysts — 53; Management Analysts — 29,,,,,,
Xilinx,2,202,low,0.005,https://xilinx.com,xilinx.com,"Machinery, Equipment, and Durable Goods Manufacturing","Electronics Engineers, Except Computer — 328; Software Developers — 208; Sales Engineers — 17; Information Technology Project Managers — 9; Computer and Information Systems Managers — 7",,,,,,
Samsung Austin Semiconductor,2,200,low,0.000,https://semiconductor.samsung.com/us/sas/,semiconductor.samsung.com,"Machinery, Equipment, and Durable Goods Manufacturing","Electronics Engineers, Except Computer — 198; Materials Engineers — 64; Mechanical Engineers — 55; Software Developers — 45; Computer Systems Engineers/Architects — 44",,,,,,
Goldman Sachs Bank Usa,3,197,medium,0.132,https://www.gsbank.com/,gsbank.com,Finance and Insurance,Software Developers — 316; Financial Risk Specialists — 79; Financial and Investment Analysts — 76; Business Intelligence Analysts — 67; Financial Quantitative Analysts — 63,,,,,,
Innova Solutions,13,196,low,0.027,https://innovasolutions.com,innovasolutions.com,"Professional, Scientific, and Technical Services",Software Developers — 790; Computer Systems Analysts — 100; Software Quality Assurance Analysts and Testers — 61; Information Technology Project Managers — 37; Computer Systems Engineers/Architects — 26,,,,,,
Dana-Farber Cancer Institute,1,192,low,0.064,https://dana-farber.org,dana-farber.org,"Professional, Scientific, and Technical Services","Molecular and Cellular Biologists — 256; Bioinformatics Scientists — 78; Physicians, All Other — 41; Biochemists and Biophysicists — 27; Statisticians — 26",,,,,,
Wayfair,2,192,high,0.370,https://www.wayfair.com/,wayfair.com,Retail Trade,Software Developers — 302; Business Intelligence Analysts — 116; Data Scientists — 80; Operations Research Analysts — 50; Computer and Information Systems Managers — 44,,,,,,
Persistent Systems,9,190,low,0.018,https://www.persistent.com/,persistent.com,"Professional, Scientific, and Technical Services",Computer Systems Engineers/Architects — 756; Software Developers — 299; Information Technology Project Managers — 295; Computer Programmers — 188; Software Quality Assurance Analysts and Testers — 152,,,,,,
Elevance Health,7,189,medium,0.122,,,Finance and Insurance,Software Developers — 915; Computer Systems Analysts — 134; Computer Systems Engineers/Architects — 133; Information Technology Project Managers — 116; Software Quality Assurance Analysts and Testers — 115,,,,needs_url,,
Home Depot Management,2,187,high,0.329,https://www.homedepot.com,homedepot.com,Retail Trade,Software Developers — 516; Operations Research Analysts — 230; Business Intelligence Analysts — 34; Information Technology Project Managers — 24; Data Scientists — 23,,,,,,
Stripe,5,184,low,0.089,https://stripe.com,stripe.com,Finance and Insurance,Software Developers — 451; Architectural and Engineering Managers — 46; Data Scientists — 32; Information Technology Project Managers — 29; Operations Research Analysts — 26,,,,,,
Deutsche Bank Securities,1,183,low,0.040,https://db.com,db.com,Finance and Insurance,Financial and Investment Analysts — 461; Financial Quantitative Analysts — 72; Financial Analysts — 42; Software Developers — 27; Financial Risk Specialists — 20,,,,,,
Infinite Computer Solutions,12,182,low,0.080,https://www.infinite.com/,infinite.com,"Professional, Scientific, and Technical Services",Software Developers — 472; Computer Systems Engineers/Architects — 219; Software Quality Assurance Analysts and Testers — 181; Information Technology Project Managers — 140; Computer Programmers — 58,,,,,,
Northwestern University,1,182,low,0.055,https://www.northwestern.edu,northwestern.edu,Educational Services,"Medical Scientists, Except Epidemiologists — 265; Biochemists and Biophysicists — 116; Chemists — 65; Bioinformatics Scientists — 48; Materials Scientists — 44",,,,,,
Block,9,181,high,0.330,https://www.block.xyz,block.xyz,Information,Software Developers — 313; Data Scientists — 93; Business Intelligence Analysts — 67; Computer and Information Systems Managers — 53; Operations Research Analysts — 44,,,,,,
Intercontinental Exchange Holdings,1,177,medium,0.111,https://www.intercontinentalexchange.com/,intercontinentalexchange.com,Finance and Insurance,Software Developers — 331; Software Quality Assurance Analysts and Testers — 110; Financial Quantitative Analysts — 52; Computer Systems Engineers/Architects — 35; Data Scientists — 28,,,,,,
American Express Travel Related Services,4,176,low,0.071,https://www.americanexpress.com,americanexpress.com,Finance and Insurance,Software Developers — 891; Computer and Information Systems Managers — 208; Information Technology Project Managers — 208; Software Quality Assurance Analysts and Testers — 74; Business Intelligence Analysts — 53,,,,,,
Marvell Semiconductor,2,175,low,0.000,https://www.marvell.com,marvell.com,"Machinery, Equipment, and Durable Goods Manufacturing","Electronics Engineers, Except Computer — 408; Software Developers — 60; Validation Engineers — 26; Architectural and Engineering Managers — 11; Software Quality Assurance Analysts and Testers — 10",,,,,,
Weill Cornell Medical College,1,173,low,0.017,http://weill.cornell.edu/,weill.cornell.edu,Educational Services,"Medical Scientists, Except Epidemiologists — 268; Biological Science Teachers, Postsecondary — 67; Biochemists and Biophysicists — 46; Health Specialties Teachers, Postsecondary — 28; Biological Technicians — 20",,,,,,
Nokia Of America,5,170,low,0.000,https://www.nokia.com,nokia.com,Information,Software Developers — 195; Software Quality Assurance Analysts and Testers — 156; Network and Computer Systems Administrators — 97; Electrical Engineers — 79; Computer Network Architects — 63,,,,,,
The Children's Hospital Of Philadelphia,2,169,medium,0.117,https://www.chop.edu,chop.edu,Health Care and Social Assistance,"Medical Scientists, Except Epidemiologists — 113; Biological Technicians — 44; Data Scientists — 42; Natural Sciences Managers — 39; Bioinformatics Scientists — 37",,,,,,
Chewy,2,168,high,0.316,https://www.chewy.com,chewy.com,Retail Trade Group Two,Software Developers — 255; Business Intelligence Analysts — 98; Data Scientists — 70; Supply Chain Managers — 40; Computer and Information Systems Managers — 26,,,,,,
Nordstrom,2,167,low,0.090,https://www.nordstrom.com/,nordstrom.com,Retail Trade Group Two,Software Developers — 402; Information Technology Project Managers — 53; Computer and Information Systems Managers — 36; Statisticians — 28; Industrial Engineers — 23,,,,,,
Social Finance,3,166,high,0.287,https://www.sofi.com/,sofi.com,Finance and Insurance,Software Developers — 219; Data Scientists — 70; Computer and Information Systems Managers — 32; Operations Research Analysts — 23; Database Architects — 14,,,,,,
Western Digital Technologies,3,165,low,0.036,https://www.westerndigital.com/,westerndigital.com,"Machinery, Equipment, and Durable Goods Manufacturing","Electronics Engineers, Except Computer — 339; Industrial Engineers — 173; Software Developers — 117; Mechanical Engineers — 101; Materials Engineers — 92",,,,,,
Rivian And Vw Group Technology,1,163,low,0.049,http://rivianvw.tech,rivianvw.tech,"Professional, Scientific, and Technical Services",Software Developers — 115; Electrical Engineers — 61; Mechanical Engineers — 49; Data Scientists — 10; Automotive Engineers — 9,,,,,,
University Of Miami,1,163,low,0.000,https://www.miami.edu,miami.edu,Educational Services,"Medical Scientists, Except Epidemiologists — 85; Health Specialties Teachers, Postsecondary — 41; Physicians, All Other — 39; Biochemists and Biophysicists — 32; Molecular and Cellular Biologists — 31",,,,,,
Georgia Institute Of Technology,1,160,low,0.000,https://www.gatech.edu,gatech.edu,Educational Services,"Engineering Teachers, Postsecondary — 68; Computer Science Teachers, Postsecondary — 40; Bioengineers and Biomedical Engineers — 35; Mechanical Engineers, R&D — 31; Computer and Information Research Scientists — 29",,,,,,
Arista Networks,4,159,low,0.000,https://arista.com,arista.com,"Professional, Scientific, and Technical Services",Software Developers — 254; Sales Engineers — 59; Software Quality Assurance Analysts and Testers — 57; Network and Computer Systems Administrators — 31; Computer and Information Systems Managers — 18,,,,,,
Lam Research,1,159,low,0.000,https://lamresearch.com,lamresearch.com,"Machinery, Equipment, and Durable Goods Manufacturing",Materials Engineers — 267; Mechanical Engineers — 66; Architectural and Engineering Managers — 45; Electrical Engineers — 44; Software Developers — 39,,,,,,
Children's Hospital,1,158,low,0.000,,,Health Care and Social Assistance,"Biological Scientists, All Other — 204; Physicians, All Other — 58; Medical Scientists, Except Epidemiologists — 51; Pediatricians, General — 38; Biochemists and Biophysicists — 34",,,,needs_url,,
Fortinet,4,158,low,0.000,https://www.fortinet.com,fortinet.com,"Professional, Scientific, and Technical Services",Software Developers — 220; Software Quality Assurance Analysts and Testers — 78; Network and Computer Systems Administrators — 70; Computer and Information Systems Managers — 57; Sales Engineers — 27,,,,,,
Robinhood Markets,3,157,medium,0.161,https://robinhood.com/,robinhood.com,Finance and Insurance,Software Developers — 283; Computer and Information Systems Managers — 31; Operations Research Analysts — 31; Computer Systems Engineers/Architects — 23; Statisticians — 22,,,,,,
Amazon Advertising,3,156,high,0.312,https://advertising.amazon.com/,advertising.amazon.com,Retail Trade Group Two,Software Developers — 196; Operations Research Analysts — 65; Market Research Analysts and Marketing Specialists — 63; Business Intelligence Analysts — 61; Computer and Information Systems Managers — 30,,,,,,
Pure Storage,2,154,low,0.022,https://www.purestorage.com/,purestorage.com,"Professional, Scientific, and Technical Services","Software Developers — 352; Computer and Information Systems Managers — 56; Computer Systems Analysts — 16; Information Technology Project Managers — 15; Software Developers, Systems Software — 14",,,,,,
University Of Illinois Chicago,1,154,low,0.000,https://www.uic.edu,uic.edu,Educational Services,"Health Specialties Teachers, Postsecondary — 44; Medical Scientists, Except Epidemiologists — 30; Biochemists and Biophysicists — 20; Physicians, All Other — 18; Computer Science Teachers, Postsecondary — 10",,,,,,
Yahoo Holdings,11,153,low,0.052,,,Information,Software Developers — 463; Computer Systems Engineers/Architects — 42; Computer and Information Systems Managers — 30; Data Scientists — 20; Information Technology Project Managers — 16,,,,needs_url,,
Harvard University,1,152,low,0.000,https://harvard.edu,harvard.edu,Educational Services,"Biological Scientists, All Other — 246; Biochemists and Biophysicists — 64; Physicists — 53; Health Specialties Teachers, Postsecondary — 42; Biological Science Teachers, Postsecondary — 39",,,,,,
New York University,1,152,low,0.000,http://nyuad.nyu.edu/,nyuad.nyu.edu,Educational Services,"Biological Technicians — 38; Health Specialties Teachers, Postsecondary — 38; Business Teachers, Postsecondary — 31; Social Science Research Assistants — 29; Biochemists and Biophysicists — 23",,,,,,
Trustees Of Boston University,1,150,low,0.000,https://www.bu.edu,bu.edu,Educational Services,"Health Specialties Teachers, Postsecondary — 85; Molecular and Cellular Biologists — 43; Business Teachers, Postsecondary — 36; Medical Scientists, Except Epidemiologists — 25; Biochemists and Biophysicists — 22",,,,,,
Hca Management Services,1,148,medium,0.176,,,Management of Companies and Enterprises,Software Developers — 205; Software Quality Assurance Analysts and Testers — 40; Database Architects — 31; Computer Systems Analysts — 21; Computer and Information Systems Managers — 20,,,,needs_url,,
The University Of Texas Health Science Center At Houston,1,148,low,0.000,https://uth.edu,uth.edu,Educational Services,"Medical Scientists, Except Epidemiologists — 142; Health Specialties Teachers, Postsecondary — 85; Bioinformatics Scientists — 39; Biochemists and Biophysicists — 33; Physicians, All Other — 30",,,,,,
Verizon Data Services,3,148,low,0.041,https://www.verizon.com/,verizon.com,Information,Software Developers — 473; Computer Systems Engineers/Architects — 68; Computer Programmers — 47; Information Technology Project Managers — 38; Computer and Information Systems Managers — 35,,,,,,
Analog Devices,4,147,low,0.036,https://www.analog.com/en/index.html,analog.com,"Machinery, Equipment, and Durable Goods Manufacturing","Electronics Engineers, Except Computer — 304; Software Developers — 82; Electrical Engineers — 77; Data Scientists — 20; Materials Engineers — 16",,,,,,
Delta Air Lines,1,147,low,0.090,https://www.delta.com,delta.com,Transportation,Software Developers — 234; Computer Systems Engineers/Architects — 49; Information Technology Project Managers — 25; Operations Research Analysts — 20; Computer Systems Analysts — 17,,,,,,
Nxp Usa,2,145,low,0.032,https://www.nxp.com,nxp.com,"Machinery, Equipment, and Durable Goods Manufacturing","Electronics Engineers, Except Computer — 354; Software Developers — 64; Mechanical Engineers — 27; Industrial Engineers — 17; Computer Systems Engineers/Architects — 16",,,,,,
Exlservice.Com,7,144,high,0.277,http://www.exlservice.com,exlservice.com,"Professional, Scientific, and Technical Services",Management Analysts — 486; Statisticians — 225; Software Developers — 151; Data Scientists — 60; Computer and Information Systems Managers — 43,,,,,,
State Street Bank And Trust,2,143,low,0.022,https://www.statestreet.com,statestreet.com,Finance and Insurance,Software Developers — 439; Financial Quantitative Analysts — 106; Software Quality Assurance Analysts and Testers — 82; Computer Systems Engineers/Architects — 69; Information Technology Project Managers — 48,,,,,,
Vertex Pharmaceuticals,1,143,medium,0.216,https://www.vrtx.com,vrtx.com,"Professional, Scientific, and Technical Services","Medical Scientists, Except Epidemiologists — 54; Chemists — 37; Biostatisticians — 33; Chemical Engineers — 30; Statisticians — 30",,,,,,
Citigroup Global Markets,2,140,low,0.077,https://www.citigroup.com/citi/,citigroup.com,Finance and Insurance,"Financial and Investment Analysts — 180; Financial Quantitative Analysts — 176; Financial Risk Specialists — 25; Business Intelligence Analysts — 20; Securities, Commodities, and Financial Services Sales Agents — 16",,,,,,
Samsung Electronics America,3,139,low,0.095,http://www.samsung.com/us/,samsung.com,Wholesale Trade,"Software Developers — 161; Electronics Engineers, Except Computer — 148; Software Quality Assurance Analysts and Testers — 30; Data Scientists — 28; Information Technology Project Managers — 23",,,,,,
Ericsson,4,138,low,0.053,https://www.ericsson.com,ericsson.com,"Machinery, Equipment, and Durable Goods Manufacturing","Computer Systems Engineers/Architects — 138; Software Developers — 72; Electronics Engineers, Except Computer — 62; Computer Network Architects — 57; Electrical Engineers — 45",,,,,,
District Of Columbia Public Schools,1,137,low,0.000,https://www.dcps.dc.gov,dcps.dc.gov,Educational Services,"Secondary School Teachers, Except Special and Career/Technical Education — 217; Elementary School Teachers, Except Special Education — 139; Special Education Teachers, Secondary School — 15; Special Education Teachers, Elementary School — 13; Instructional Coordinators — 6",,,,,,
Netapp,3,136,low,0.011,https://www.netapp.com,netapp.com,"Professional, Scientific, and Technical Services",Software Developers — 349; Computer and Information Systems Managers — 34; Software Quality Assurance Analysts and Testers — 19; Computer Systems Analysts — 18; Computer Systems Engineers/Architects — 15,,,,,,
Texas Instruments,2,136,low,0.006,https://www.ti.com/,ti.com,"Machinery, Equipment, and Durable Goods Manufacturing","Electrical Engineers — 309; Electronics Engineers, Except Computer — 97; Architectural and Engineering Managers — 62; Materials Engineers — 12; Software Developers — 9",,,,,,
Coupang Global,2,134,low,0.097,https://www.aboutcoupang.com/,aboutcoupang.com,Retail Trade Group Two,Software Developers — 183; Computer Systems Engineers/Architects — 31; Data Scientists — 20; Information Technology Project Managers — 19; Computer and Information Systems Managers — 8,,,,,,
General Hospital,1,134,low,0.055,,,Health Care and Social Assistance,"Medical Scientists, Except Epidemiologists — 331; Biochemists and Biophysicists — 185; Molecular and Cellular Biologists — 39; Biological Technicians — 27; Bioinformatics Scientists — 25",,,,needs_url,,
Barclays Services,2,131,medium,0.117,,,Finance and Insurance,Software Developers — 996; Business Intelligence Analysts — 157; Computer Systems Engineers/Architects — 103; Information Technology Project Managers — 100; Computer Systems Analysts — 75,,,,needs_url,,
Beth Israel Deaconess Medical Center,1,131,low,0.051,https://www.bidmc.org,bidmc.org,Health Care and Social Assistance,"Biological Scientists, All Other — 129; Physicians, All Other — 38; Radiologists — 35; Anesthesiologists — 21; Surgeons, All Other — 20",,,,,,
Carnegie Mellon University,1,131,low,0.058,https://www.cmu.edu/,cmu.edu,Educational Services,"Software Developers — 63; Computer Science Teachers, Postsecondary — 31; Computer and Information Research Scientists — 28; Physical Scientists, All Other — 25; Robotics Engineers — 24",,,,,,
Globallogic,10,131,low,0.000,https://www.globallogic.com,globallogic.com,"Professional, Scientific, and Technical Services",Software Developers — 410; Software Quality Assurance Analysts and Testers — 158; Information Technology Project Managers — 111; Computer Programmers — 82; Computer Systems Engineers/Architects — 81,,,,,,
Rubrik,4,131,low,0.006,https://www.rubrik.com/,rubrik.com,"Professional, Scientific, and Technical Services","Software Developers — 221; Computer and Information Systems Managers — 49; Graphic Designers — 16; Software Developers, Systems Software — 14; Marketing Managers — 10",,,,,,
Two Sigma Investments,2,131,high,0.262,https://twosigma.com,twosigma.com,Finance and Insurance,Software Developers — 131; Statisticians — 69; Financial Quantitative Analysts — 29; Computer and Information Research Scientists — 27; Data Scientists — 16,,,,,,
Autodesk,4,130,medium,0.119,https://www.autodesk.com,autodesk.com,"Professional, Scientific, and Technical Services",Software Developers — 286; Information Technology Project Managers — 64; Computer and Information Systems Managers — 59; Business Intelligence Analysts — 47; Human Factors Engineers and Ergonomists — 34,,,,,,
The Bank Of New York Mellon,2,130,medium,0.149,https://bny.com,bny.com,Finance and Insurance,Software Developers — 172; Computer Systems Engineers/Architects — 92; Financial Quantitative Analysts — 73; Business Intelligence Analysts — 52; Financial Risk Specialists — 29,,,,,,
Relx,2,130,medium,0.214,https://www.relx.com/,relx.com,"Professional, Scientific, and Technical Services",Software Developers — 220; Data Scientists — 74; Computer Systems Engineers/Architects — 65; Information Technology Project Managers — 23; Software Quality Assurance Analysts and Testers — 18,,,,,,
Charter Communications,1,129,medium,0.125,https://corporate.charter.com/,corporate.charter.com,Information,Software Developers — 863; Computer Network Architects — 185; Business Intelligence Analysts — 139; Software Quality Assurance Analysts and Testers — 135; Information Technology Project Managers — 103,,,,,,
University Of South Florida,1,129,low,0.000,https://www.usf.edu/,usf.edu,Educational Services,"Medical Scientists, Except Epidemiologists — 40; Engineering Teachers, Postsecondary — 23; Business Teachers, Postsecondary — 16; Computer Science Teachers, Postsecondary — 15; Health Specialties Teachers, Postsecondary — 15",,,,,,
Aecom Technical Services,10,128,low,0.000,https://www.aecom.com,aecom.com,"Professional, Scientific, and Technical Services",Civil Engineers — 274; Transportation Engineers — 50; Construction Managers — 41; Urban and Regional Planners — 39; Project Management Specialists — 38,,,,,,
Murthy Law Firm,1,128,low,0.000,https://www.murthy.com,murthy.com,"Professional, Scientific, and Technical Services",Software Developers — 128,,,,,,
Quadrant Technologies,2,128,low,0.000,https://www.quadranttechnologies.com,quadranttechnologies.com,"Professional, Scientific, and Technical Services",Computer Systems Analysts — 191; Software Developers — 42; Validation Engineers — 3; Sales Engineers — 1; Information Technology Project Managers — 1,,,,,,
Slalom,9,128,high,0.282,https://slalom.com/,slalom.com,"Professional, Scientific, and Technical Services",Software Developers — 237; Computer Systems Engineers/Architects — 88; Business Intelligence Analysts — 73; Information Technology Project Managers — 67; Database Architects — 66,,,,,,
Chime Financial,2,127,high,0.318,https://www.chime.com,chime.com,Finance and Insurance,Software Developers — 108; Operations Research Analysts — 35; Financial Risk Specialists — 34; Computer and Information Systems Managers — 26; Information Technology Project Managers — 24,,,,,,
L&T Technology Services,12,125,low,0.028,https://www.ltts.com/,ltts.com,"Professional, Scientific, and Technical Services",Mechanical Engineers — 425; Software Developers — 360; Software Quality Assurance Analysts and Testers — 321; Commercial and Industrial Designers — 317; Industrial Engineers — 173,,,,,,
Mongodb,6,124,low,0.095,https://www.mongodb.com/,mongodb.com,Information,"Software Developers — 267; Market Research Analysts and Marketing Specialists — 25; Industrial Engineers — 24; Computer Occupations, All Other — 18; Data Scientists — 15",,,,,,
Zscaler,2,124,low,0.058,https://www.zscaler.com,zscaler.com,"Professional, Scientific, and Technical Services",Software Developers — 193; Computer Systems Engineers/Architects — 60; Information Technology Project Managers — 60; Software Quality Assurance Analysts and Testers — 60; Sales Engineers — 20,,,,,,
Credit Karma,2,123,medium,0.223,https://www.creditkarma.com,creditkarma.com,"Professional, Scientific, and Technical Services",Software Developers — 191; Statisticians — 52; Computer and Information Systems Managers — 30; Software Quality Assurance Analysts and Testers — 17; Data Scientists — 13,,,,,,
Citadel Americas Services,3,122,high,0.580,https://www.citadel.com/,citadel.com,Finance and Insurance,"Operations Research Analysts — 204; Software Developers — 85; Financial and Investment Analysts — 54; Financial Quantitative Analysts — 5; Software Developers, Applications — 2",,,,,,
Northeastern University,2,122,low,0.000,https://northeastern.edu,northeastern.edu,Educational Services,"Engineering Teachers, Postsecondary — 45; Business Teachers, Postsecondary — 41; Computer Science Teachers, Postsecondary — 38; Physicists — 21; Computer and Information Research Scientists — 17",,,,,,
Southwest Airlines,1,122,medium,0.104,https://www.southwest.com/,southwest.com,Transportation,Software Developers — 193; Computer Systems Engineers/Architects — 45; Data Scientists — 17; Information Technology Project Managers — 16; Database Administrators — 6,,,,,,
Applied Intuition,1,121,low,0.000,https://www.appliedintuition.com/,appliedintuition.com,"Professional, Scientific, and Technical Services",Software Developers — 112; Software Quality Assurance Analysts and Testers — 16; Computer Systems Engineers/Architects — 14; Mechanical Engineers — 12; Automotive Engineers — 10,,,,,,
Honeywell International,3,121,low,0.063,https://www.honeywell.com,honeywell.com,"Professional, Scientific, and Technical Services","Software Developers — 122; Information Technology Project Managers — 35; Computer and Information Systems Managers — 33; Electronics Engineers, Except Computer — 30; Computer Systems Engineers/Architects — 28",,,,,,
White & Case,4,121,low,0.024,https://whitecase.com,whitecase.com,"Professional, Scientific, and Technical Services",Lawyers — 265; Business Intelligence Analysts — 7; Accountants and Auditors — 5; Marketing Managers — 4; Market Research Analysts and Marketing Specialists — 3,,,,,,
Lyft,2,116,high,0.274,https://www.lyft.com,lyft.com,"Professional, Scientific, and Technical Services",Software Developers — 188; Data Scientists — 46; Architectural and Engineering Managers — 24; Operations Research Analysts — 22; Business Intelligence Analysts — 12,,,,,,
Zillow,4,116,medium,0.201,https://www.zillow.com/,zillow.com,Real Estate and Rental and Leasing,"Software Developers — 296; Data Scientists — 74; Computer and Information Systems Managers — 42; Business Intelligence Analysts — 12; Software Developers, Applications — 11",,,,,,
"Capital One, National Association",3,115,high,0.991,https://www.capitalone.com,capitalone.com,Finance and Insurance,Data Scientists — 848; Operations Research Analysts — 3; Software Developers — 3; Project Management Specialists — 2; Software Quality Assurance Analysts and Testers — 1,,,,,,
Moody's Investors Service,2,115,low,0.082,https://www.moodys.com,moodys.com,Administrative and Support and Waste Management and Remediation Services,Software Developers — 152; Financial and Investment Analysts — 71; Credit Analysts — 26; Financial Quantitative Analysts — 22; Business Intelligence Analysts — 21,,,,,,
7-Eleven,1,114,low,0.053,http://7-eleven.com,7-eleven.com,Retail Trade,Software Developers — 198; Information Technology Project Managers — 42; Software Quality Assurance Analysts and Testers — 23; Computer and Information Systems Managers — 21; Business Intelligence Analysts — 9,,,,,,
Rivian Automotive,1,114,low,0.000,http://www.rivian.com,rivian.com,"Machinery, Equipment, and Durable Goods Manufacturing",Mechanical Engineers — 728; Industrial Engineers — 298; Software Developers — 280; Electrical Engineers — 190; Manufacturing Engineers — 62,,,,,,
Roku,3,114,low,0.092,https://www.roku.com/,roku.com,Information,Software Developers — 243; Computer and Information Systems Managers — 18; Graphic Designers — 14; Software Quality Assurance Analysts and Testers — 14; Data Scientists — 13,,,,,,
Synopsys,2,114,low,0.028,https://www.synopsys.com/,synopsys.com,"Professional, Scientific, and Technical Services","Electronics Engineers, Except Computer — 208; Software Developers — 131; Architectural and Engineering Managers — 37; Computer and Information Systems Managers — 34; Information Security Engineers — 27",,,,,,
Siemens Industry Software,6,113,low,0.000,https://www.sw.siemens.com,sw.siemens.com,Information,"Software Developers — 245; Mechanical Engineers — 62; Sales Engineers — 59; Electronics Engineers, Except Computer — 38; Computer Systems Engineers/Architects — 36",,,,,,
Fis Management Services,8,112,low,0.057,https://www.fisglobal.com/,fisglobal.com,"Professional, Scientific, and Technical Services",Software Developers — 1061; Computer Systems Engineers/Architects — 84; Information Technology Project Managers — 71; Network and Computer Systems Administrators — 62; Software Quality Assurance Analysts and Testers — 57,,,,,,
Georgetown University,1,112,low,0.000,https://georgetown.edu,georgetown.edu,Educational Services,"Medical Scientists, Except Epidemiologists — 38; Social Science Research Assistants — 21; Biological Technicians — 18; Law Teachers, Postsecondary — 13; Business Teachers, Postsecondary — 12",,,,,,
Spotify Usa,3,112,medium,0.149,https://www.spotify.com/,spotify.com,Information,Software Developers — 200; Computer and Information Research Scientists — 75; Data Scientists — 46; Computer and Information Systems Managers — 35; Graphic Designers — 22,,,,,,
Datadog,2,111,low,0.036,https://www.datadoghq.com/,datadoghq.com,Information,Software Developers — 143; Computer and Information Systems Managers — 26; Information Technology Project Managers — 20; Data Scientists — 8; Graphic Designers — 7,,,,,,
Vmware,5,111,low,0.004,,,"Professional, Scientific, and Technical Services","Software Developers — 997; Computer and Information Systems Managers — 114; Computer Systems Engineers/Architects — 65; Computer Occupations, All Other — 22; Information Technology Project Managers — 11",,,,needs_url,,
Blackstone,2,109,medium,0.139,https://www.blackstone.com/,blackstone.com,Finance and Insurance,Financial and Investment Analysts — 122; Financial Quantitative Analysts — 34; Software Developers — 27; Data Scientists — 21; Accountants and Auditors — 12,,,,,,
Tiger Analytics,8,108,high,0.986,https://www.tigeranalytics.com,tigeranalytics.com,"Professional, Scientific, and Technical Services",Operations Research Analysts — 506; Marketing Managers — 2; Human Resources Specialists — 2; Treasurers and Controllers — 1; Software Developers — 1,,,,,,
W.M. Rice University,1,108,low,0.000,https://rice.edu,rice.edu,Educational Services,"Materials Scientists — 17; Computer Science Teachers, Postsecondary — 16; Physicists — 15; Bioengineers and Biomedical Engineers — 12; Biochemists and Biophysicists — 12",,,,,,
Citadel Securities Americas Services,2,107,high,0.527,https://www.citadelsecurities.com/,citadelsecurities.com,Finance and Insurance,Operations Research Analysts — 192; Software Developers — 111; Financial and Investment Analysts — 45; Human Resources Managers — 5; Network and Computer Systems Administrators — 4,,,,,,
F5,2,107,low,0.025,http://www.f5.com,f5.com,"Professional, Scientific, and Technical Services",Software Developers — 238; Information Technology Project Managers — 41; Software Quality Assurance Analysts and Testers — 36; Computer Systems Engineers/Architects — 32; Computer and Information Systems Managers — 30,,,,,,
New York Life Insurance,3,107,high,0.276,https://www.newyorklife.com/,newyorklife.com,Finance and Insurance,Software Developers — 81; Actuaries — 76; Data Scientists — 36; Computer Systems Analysts — 25; Operations Research Analysts — 24,,,,,,
Pwc Us Tax,8,107,low,0.024,https://www.pwc.com/us/en.html,pwc.com,"Professional, Scientific, and Technical Services",Accountants and Auditors — 270; Financial and Investment Analysts — 19; Computer and Information Systems Managers — 18; Software Developers — 13; Financial Quantitative Analysts — 5,,,,,,
University Of Texas Health Science Center At San Antonio,1,107,low,0.000,https://uthscsa.edu,uthscsa.edu,Educational Services,"Health Specialties Teachers, Postsecondary — 92; Biological Science Teachers, Postsecondary — 56; Biochemists and Biophysicists — 52; Molecular and Cellular Biologists — 45; Medical Scientists, Except Epidemiologists — 30",,,,,,
Indeed,4,106,medium,0.168,https://www.indeed.com,indeed.com,Information,"Software Developers — 387; Software Developers, Applications — 55; Data Scientists — 39; Business Intelligence Analysts — 36; Statisticians — 29",,,,,,
Paycom Payroll,1,106,low,0.040,https://www.paycom.com/,paycom.com,"Professional, Scientific, and Technical Services",Software Developers — 323; Information Technology Project Managers — 94; Computer and Information Systems Managers — 49; Data Scientists — 17; Information Security Analysts — 11,,,,,,
University Of Houston,1,106,low,0.000,https://uh.edu/,uh.edu,Educational Services,"Engineering Teachers, Postsecondary — 20; Materials Scientists — 17; Biological Scientists, All Other — 16; Business Teachers, Postsecondary — 16; Computer Science Teachers, Postsecondary — 16",,,,,,
Asml Us,1,105,low,0.000,https://www.asml.com/en,asml.com,"Machinery, Equipment, and Durable Goods Manufacturing",Software Developers — 323; Mechanical Engineers — 280; Industrial Engineers — 136; Project Management Specialists — 119; Photonics Engineers — 115,,,,,,
Mount Sinai Hospital,1,105,low,0.045,https://www.mountsinai.org,mountsinai.org,Health Care and Social Assistance,"Healthcare Practitioners and Technical Workers, All Other — 74; Medical and Clinical Laboratory Technologists — 50; Software Developers, Non R&D — 28; Healthcare Social Workers — 11; Database Architects — 9",,,,,,
Photon Infotech,6,105,low,0.041,http://www.photon.in/,photon.in,"Professional, Scientific, and Technical Services",Software Developers — 334; Software Quality Assurance Analysts and Testers — 93; Management Analysts — 83; Information Technology Project Managers — 45; Graphic Designers — 23,,,,,,
Dell Products,4,104,medium,0.157,https://dell.com,dell.com,Wholesale Trade,Software Developers — 376; Software Quality Assurance Analysts and Testers — 112; Market Research Analysts and Marketing Specialists — 96; Information Technology Project Managers — 94; Computer Systems Engineers/Architects — 86,,,,,,
Jefferies,1,104,low,0.058,https://jefferies.com,jefferies.com,Finance and Insurance,Financial and Investment Analysts — 190; Software Developers — 72; Financial Analysts — 26; Financial Quantitative Analysts — 18; Business Intelligence Analysts — 13,,,,,,
Leland Stanford Jr. Univ/Slac National Accelerator Lab,1,104,low,0.000,https://www6.slac.stanford.edu/,www6.slac.stanford.edu,Educational Services,"Physicists — 82; Electronics Engineers, Except Computer, R&D — 16; Mechanical Engineers, R&D — 14; Physical Scientists, All Other — 8; Software Developers, R&D — 8",,,,,,
Openai Opco,1,104,low,0.057,https://openai.com,openai.com,"Professional, Scientific, and Technical Services",Software Developers — 68; Computer and Information Research Scientists — 64; Information Technology Project Managers — 18; Data Scientists — 11; Computer Hardware Engineers — 8,,,,,,
Palantir Technologies,4,104,medium,0.154,https://www.palantir.com/,palantir.com,"Professional, Scientific, and Technical Services",Software Developers — 185; Business Intelligence Analysts — 21; Data Scientists — 21; Management Analysts — 18; Computer Systems Engineers/Architects — 10,,,,,,
Massachusetts General Physicians Organization,1,103,low,0.000,http://www.massgeneral.org/mgpo/,massgeneral.org,Health Care and Social Assistance,"Physicians, All Other — 117; Anesthesiologists — 20; General Internal Medicine Physicians — 19; Radiologists — 19; Psychiatrists — 12",,,,,,
Bristol-Myers Squibb,3,102,high,0.373,https://bms.com,bms.com,Materials and Chemical Manufacturing,"Medical Scientists, Except Epidemiologists — 99; Data Scientists — 61; Statisticians — 61; Chemists — 53; Software Developers — 48",,,,,,
American Express,1,101,high,0.505,https://www.americanexpress.com/,americanexpress.com,Finance and Insurance,Data Scientists — 56; Statisticians — 49; Information Technology Project Managers — 48; Financial Risk Specialists — 42; Business Intelligence Analysts — 37,,,,,,
Health Care Service,2,101,medium,0.194,https://www.hcsc.com/,hcsc.com,Finance and Insurance,Software Developers — 196; Computer Systems Engineers/Architects — 84; Operations Research Analysts — 58; Software Quality Assurance Analysts and Testers — 24; Information Technology Project Managers — 21,,,,,,
Schlumberger Technology,4,99,low,0.076,https://www.slb.com/,slb.com,"Mining, Quarrying, and Oil and Gas Extraction",Software Developers — 125; Mechanical Engineers — 51; Electrical Engineers — 28; Data Scientists — 25; Manufacturing Engineers — 22,,,,,,
Upmc Medical Education,1,99,low,0.000,https://www.upmc.com/,upmc.com,Health Care and Social Assistance,"General Internal Medicine Physicians — 142; Family Medicine Physicians — 50; Physicians, All Other — 40; Anesthesiologists — 29; Neurologists — 18",,,,,,
Annapurna Labs (U.S.),3,98,low,0.030,http://www.annapurnalabs.com/,annapurnalabs.com,Retail Trade Group Two,Software Developers — 152; Computer Hardware Engineers — 56; Operations Research Analysts — 7; Computer and Information Systems Managers — 5; Electrical Engineers — 4,,,,,,
Dropbox,2,98,medium,0.119,https://www.dropbox.com/,dropbox.com,Information,"Software Developers — 232; Data Scientists — 36; Computer and Information Systems Managers — 31; Information Technology Project Managers — 30; Software Developers, Systems Software — 23",,,,,,
Temple University--A Commonwealth University,1,98,low,0.039,https://www.temple.edu,temple.edu,Educational Services,"Medical Scientists, Except Epidemiologists — 62; Health Specialties Teachers, Postsecondary — 46; Biological Technicians — 30; Business Teachers, Postsecondary — 11; Engineering Teachers, Postsecondary — 11",,,,,,
Moody's Analytics,7,96,medium,0.115,https://www.moodysanalytics.com/,moodysanalytics.com,Administrative and Support and Waste Management and Remediation Services,Software Developers — 216; Financial Quantitative Analysts — 65; Financial and Investment Analysts — 32; Software Quality Assurance Analysts and Testers — 31; Business Intelligence Analysts — 28,,,,,,
"Anthropic, Pbc",2,95,low,0.058,https://www.anthropic.com,anthropic.com,"Professional, Scientific, and Technical Services",Software Developers — 85; Computer and Information Research Scientists — 31; Data Scientists — 9; Human Resources Specialists — 7; Financial and Investment Analysts — 5,,,,,,
Balyasny Asset Management,2,94,medium,0.245,https://www.bamfunds.com/,bamfunds.com,Finance and Insurance,Financial Quantitative Analysts — 79; Financial and Investment Analysts — 51; Software Developers — 42; Statisticians — 40; Data Scientists — 24,,,,,,
Manhattan Associates,1,94,low,0.000,https://www.manh.com/,manh.com,"Professional, Scientific, and Technical Services",Information Technology Project Managers — 209; Computer and Information Systems Managers — 90; Software Developers — 3; Sales Engineers — 2,,,,,,
The Methodist Hospital Research Institute,1,94,low,0.037,https://www.houstonmethodist.org/,houstonmethodist.org,"Professional, Scientific, and Technical Services","Medical Scientists, Except Epidemiologists — 86; Molecular and Cellular Biologists — 29; Biological Technicians — 24; Bioinformatics Scientists — 21; Biochemists and Biophysicists — 18",,,,,,
Samsung Semiconductor,1,94,low,0.017,https://semiconductor.samsung.com/,semiconductor.samsung.com,Wholesale Trade,"Software Developers — 153; Electronics Engineers, Except Computer — 100; Software Quality Assurance Analysts and Testers — 28; Electrical Engineers — 20; Computer Hardware Engineers — 15",,,,,,
Nagarro,4,93,low,0.000,https://www.nagarro.com/en/,nagarro.com,"Professional, Scientific, and Technical Services",Software Developers — 347; Computer Systems Engineers/Architects — 105; Information Technology Project Managers — 61; Computer Programmers — 59; Software Quality Assurance Analysts and Testers — 46,,,,,,
Iris Software,2,92,medium,0.112,https://irissoftware.com,irissoftware.com,"Professional, Scientific, and Technical Services",Software Developers — 326; Business Intelligence Analysts — 42; Information Technology Project Managers — 24; Human Resources Specialists — 8; Software Quality Assurance Analysts and Testers — 7,,,,,,
Adventist Health System/Sunbelt,1,91,low,0.009,https://www.adventhealth.com,adventhealth.com,Health Care and Social Assistance,"Medical and Clinical Laboratory Technologists — 153; Healthcare Diagnosing or Treating Practitioners, All Other — 120; Medical Scientists, Except Epidemiologists — 24; Dietitians and Nutritionists — 14; Management Analysts — 7",,,,,,
Barclays Capital,2,91,low,0.071,https://home.barclays/,home.barclays,Finance and Insurance,"Financial and Investment Analysts — 126; Financial Quantitative Analysts — 102; Financial Managers — 26; Securities, Commodities, and Financial Services Sales Agents — 16; Business Intelligence Analysts — 14",,,,,,
Cybersource,3,91,low,0.062,https://www.cybersource.com,cybersource.com,Finance and Insurance,Software Developers — 156; Computer Systems Engineers/Architects — 89; Software Quality Assurance Analysts and Testers — 64; Information Technology Project Managers — 43; Operations Research Analysts — 10,,,,,,
Siemens Energy,4,91,low,0.000,https://www.siemens-energy.com/,siemens-energy.com,"Professional, Scientific, and Technical Services",Electrical Engineers — 61; Mechanical Engineers — 45; Sales Engineers — 18; Industrial Engineers — 14; Logistics Engineers — 13,,,,,,
The Options Clearing,2,90,low,0.045,https://www.theocc.com,theocc.com,Finance and Insurance,Software Developers — 158; Software Quality Assurance Analysts and Testers — 22; Financial Quantitative Analysts — 18; Computer and Information Systems Managers — 13; Financial Risk Specialists — 9,,,,,,
Atos Syntel,5,89,low,0.032,https://www.atos-syntel.net,atos-syntel.net,"Professional, Scientific, and Technical Services",Computer Systems Engineers/Architects — 650; Software Developers — 253; Software Quality Assurance Analysts and Testers — 235; Information Technology Project Managers — 216; Computer Systems Analysts — 63,,,,,,
Vanderbilt University,1,89,low,0.058,https://www.vanderbilt.edu/,vanderbilt.edu,Educational Services,"Biochemists and Biophysicists — 34; Medical Scientists, Except Epidemiologists — 24; Molecular and Cellular Biologists — 17; Computer and Information Research Scientists — 16; Biological Technicians — 9",,,,,,
Bill Operations,1,88,medium,0.210,https://www.bill.com/,bill.com,Information,Software Developers — 154; Data Scientists — 22; Business Intelligence Analysts — 21; Information Technology Project Managers — 17; Computer and Information Systems Managers — 11,,,,,,
Cloudflare,2,87,low,0.088,https://www.cloudflare.com/,cloudflare.com,Information,Software Developers — 148; Computer and Information Systems Managers — 39; Information Security Analysts — 16; Data Scientists — 15; Computer Network Architects — 12,,,,,,
Nomura Holding America,1,87,low,0.029,https://www.nomura.com/,nomura.com,Finance and Insurance,Software Developers — 83; Financial Risk Specialists — 29; Financial and Investment Analysts — 16; Information Technology Project Managers — 10; Credit Analysts — 8,,,,,,
Aetna Resources,5,86,high,0.313,https://www.aetna.com/,aetna.com,Finance and Insurance,Software Developers — 660; Statisticians — 185; Data Scientists — 77; Business Intelligence Analysts — 39; Operations Research Analysts — 26,,,,,,
Evercore Partners Services East,2,86,low,0.004,http://www.evercore.com,evercore.com,Finance and Insurance,Financial and Investment Analysts — 179; Financial Managers — 54; Financial Analysts — 19; Treasurers and Controllers — 2; Security Management Specialists — 1,,,,,,
"Paul, Weiss, Rifkind, Wharton & Garrison",2,86,low,0.000,https://www.paulweiss.com,paulweiss.com,"Professional, Scientific, and Technical Services",Lawyers — 218,,,,,,
Artech,7,84,medium,0.100,https://www.artech.com,artech.com,"Professional, Scientific, and Technical Services",Software Developers — 208; Business Intelligence Analysts — 18; Information Technology Project Managers — 17; Software Quality Assurance Analysts and Testers — 15; Data Scientists — 8,,,,,,
Coinbase,9,84,medium,0.118,http://coinbase.com/en-gb/,coinbase.com,Finance and Insurance,Software Developers — 211; Computer and Information Systems Managers — 38; Data Scientists — 28; Information Technology Project Managers — 22; Information Security Analysts — 15,,,,,,
General Motors,2,84,low,0.000,https://www.gm.com,gm.com,"Machinery, Equipment, and Durable Goods Manufacturing",Software Developers — 615; Electrical Engineers — 403; Mechanical Engineers — 357; Automotive Engineers — 199; Software Quality Assurance Analysts and Testers — 94,,,,,,
Micron Technology,2,84,low,0.040,https://www.micron.com,micron.com,"Machinery, Equipment, and Durable Goods Manufacturing","Electrical Engineers — 403; Electronics Engineers, Except Computer — 145; Industrial Engineers — 127; Materials Engineers — 119; Mechanical Engineers — 62",,,,,,
Athenahealth,3,83,low,0.068,https://www.athenahealth.com,athenahealth.com,"Professional, Scientific, and Technical Services",Software Developers — 180; Information Technology Project Managers — 15; Statisticians — 8; Computer and Information Systems Managers — 7; Business Intelligence Analysts — 6,,,,,,
Aurora Operations,3,83,low,0.028,,,"Professional, Scientific, and Technical Services",Software Developers — 65; Robotics Engineers — 24; Mechanical Engineers — 14; Computer Hardware Engineers — 8; Automotive Engineers — 6,,,,needs_url,,
Caremark,5,83,high,0.283,https://caremark.com,caremark.com,Finance and Insurance,Software Developers — 886; Statisticians — 151; Data Scientists — 110; Business Intelligence Analysts — 94; Information Technology Project Managers — 29,,,,,,
Fiserv Solutions,4,83,low,0.041,https://fiserv.com,fiserv.com,Information,Software Developers — 588; Computer Systems Engineers/Architects — 174; Information Technology Project Managers — 130; Software Quality Assurance Analysts and Testers — 117; Computer Systems Analysts — 47,,,,,,
The Northern Trust,1,83,low,0.021,https://www.northerntrust.com/,northerntrust.com,Finance and Insurance,Software Developers — 319; Information Security Analysts — 36; Information Technology Project Managers — 31; Financial Quantitative Analysts — 17; Information Security Engineers — 15,,,,,,
"The Leland Stanford, Jr University",3,82,low,0.039,http://www.stanford.edu/,stanford.edu,Educational Services,"Molecular and Cellular Biologists — 257; Medical Scientists, Except Epidemiologists — 245; Biochemists and Biophysicists — 234; Bioengineers and Biomedical Engineers — 81; Bioinformatics Scientists — 67",,,,,,
Caterpillar,4,81,medium,0.112,https://www.caterpillar.com,caterpillar.com,"Machinery, Equipment, and Durable Goods Manufacturing",Software Developers — 339; Mechanical Engineers — 200; Electrical Engineers — 152; Data Scientists — 58; Business Intelligence Analysts — 22,,,,,,
Twilio,7,81,medium,0.105,https://www.twilio.com/,twilio.com,"Professional, Scientific, and Technical Services",Software Developers — 309; Computer and Information Systems Managers — 40; Computer Systems Engineers/Architects — 37; Information Technology Project Managers — 36; Business Intelligence Analysts — 25,,,,,,
Children's National Medical Center,1,80,low,0.000,https://childrensnational.org/,childrensnational.org,Health Care and Social Assistance,"Medical Scientists, Except Epidemiologists — 31; Medical and Clinical Laboratory Technologists — 23; Pediatricians, General — 18; Molecular and Cellular Biologists — 13; Biological Technicians — 12",,,,,,
Decision Six,5,80,low,0.020,https://decisionsix.com,decisionsix.com,"Professional, Scientific, and Technical Services","Software Developers — 295; Software Quality Assurance Analysts and Testers — 31; Software Developers, Applications — 25; Computer Systems Engineers/Architects — 23; Database Administrators — 8",,,,,,
Copart,1,80,low,0.059,https://www.copart.com,copart.com,Wholesale Trade,Software Developers — 133; Computer Systems Analysts — 26; Computer and Information Systems Managers — 12; Computer Systems Engineers/Architects — 6; Software Quality Assurance Analysts and Testers — 6,,,,,,
Fred Hutchinson Cancer Center,1,80,medium,0.184,https://www.fredhutch.org/en.html,fredhutch.org,Health Care and Social Assistance,"Biological Technicians — 45; Medical Scientists, Except Epidemiologists — 38; Biochemists and Biophysicists — 37; Statisticians — 33; Bioinformatics Scientists — 28",,,,,,
Houston Independent School District,1,80,low,0.000,https://www.houstonisd.org/,houstonisd.org,Educational Services,"Elementary School Teachers, Except Special Education — 67; Secondary School Teachers, Except Special and Career/Technical Education — 56; Middle School Teachers, Except Special and Career/Technical Education — 17; Special Education Teachers, Elementary School — 16; Kindergarten Teachers, Except Special Education — 7",,,,,,
Ntt Data Services,5,80,low,0.060,https://nttdata.com/,nttdata.com,"Professional, Scientific, and Technical Services",Computer Systems Engineers/Architects — 228; Software Quality Assurance Analysts and Testers — 140; Information Technology Project Managers — 84; Software Developers — 65; Database Administrators — 19,,,,,,
Scale Ai,1,80,medium,0.162,https://scale.com/,scale.com,Information,Software Developers — 65; Operations Research Analysts — 26; General and Operations Managers — 22; Computer and Information Systems Managers — 9; Computer and Information Research Scientists — 9,,,,,,
Sg Americas Securities,1,80,low,0.069,https://americas.societegenerale.com/en/,americas.societegenerale.com,Finance and Insurance,"Financial Quantitative Analysts — 94; Financial and Investment Analysts — 56; Securities, Commodities, and Financial Services Sales Agents — 29; Financial Risk Specialists — 11; Business Intelligence Analysts — 10",,,,,,
Forthright Soft,1,79,low,0.049,,,"Professional, Scientific, and Technical Services",Software Developers — 172; Software Quality Assurance Analysts and Testers — 22; Computer Systems Engineers/Architects — 6; Information Technology Project Managers — 6; Database Administrators — 5,,,,needs_url,,
Hitachi Digital Services,2,78,low,0.062,https://hitachids.com,hitachids.com,"Professional, Scientific, and Technical Services",Software Developers — 183; Computer and Information Systems Managers — 39; Computer Systems Analysts — 18; Database Administrators — 14; Information Technology Project Managers — 8,,,,,,
Red Hat,3,78,low,0.074,https://www.redhat.com/,redhat.com,"Professional, Scientific, and Technical Services",Software Developers — 231; Computer Systems Analysts — 44; Software Quality Assurance Analysts and Testers — 44; Data Scientists — 18; Information Technology Project Managers — 16,,,,,,
Cruise,3,77,low,0.047,https://www.getcruise.com/,getcruise.com,"Professional, Scientific, and Technical Services",Software Developers — 248; Robotics Engineers — 30; Computer and Information Systems Managers — 29; Data Scientists — 20; Information Technology Project Managers — 20,,,,,,
Lendingclub Bank National Association,1,77,high,0.276,https://www.lendingclub.com,lendingclub.com,Finance and Insurance,"Software Developers — 105; Statisticians — 46; Computer and Information Systems Managers — 21; Software Developers, Applications — 16; Financial and Investment Analysts — 11",,,,,,
Sumitomo Mitsui Banking,1,77,medium,0.199,https://www.smbcgroup.com/,smbcgroup.com,Finance and Insurance,Software Developers — 11; Financial and Investment Analysts — 100; Business Intelligence Analysts — 33; Credit Analysts — 32; Financial Risk Specialists — 26,,,,,,
University Of Delaware,1,77,low,0.000,https://www.udel.edu/,udel.edu,Educational Services,"Mathematical Science Teachers, Postsecondary — 23; Business Teachers, Postsecondary — 21; Physics Teachers, Postsecondary — 17; Economics Teachers, Postsecondary — 13; Engineering Teachers, Postsecondary — 11",,,,,,
Vertexpire,1,76,low,0.000,,,"Professional, Scientific, and Technical Services",Software Developers — 77,,,,needs_url,,
Vanderbilt University Medical Center,1,75,medium,0.193,http://www.vumc.org,vumc.org,Health Care and Social Assistance,"Medical Scientists, Except Epidemiologists — 59; Health Specialties Teachers, Postsecondary — 37; Physicians, All Other — 21; Data Scientists — 17; Biostatisticians — 13",,,,,,
Cohesity,3,74,low,0.008,https://www.cohesity.com,cohesity.com,"Professional, Scientific, and Technical Services",Software Developers — 175; Sales Engineers — 14; Computer and Information Systems Managers — 12; Software Quality Assurance Analysts and Testers — 12; Information Technology Project Managers — 9,,,,,,
Epsilon Data Management,2,74,high,0.256,http://www.epsilon.com,epsilon.com,Information,Software Developers — 234; Data Scientists — 32; Operations Research Analysts — 23; Database Administrators — 16; Business Intelligence Analysts — 16,,,,,,
Rbc Capital Markets,2,74,low,0.053,https://www.rbccm.com,rbccm.com,Finance and Insurance,Financial and Investment Analysts — 97; Software Developers — 89; Financial Quantitative Analysts — 37; Financial Risk Specialists — 26; Data Scientists — 17,,,,,,
Cox Automotive Corporate Services,2,73,low,0.039,https://www.coxautoinc.com,coxautoinc.com,Retail Trade,Information Technology Project Managers — 163; Software Developers — 144; Software Quality Assurance Analysts and Testers — 29; Computer and Information Systems Managers — 28; Data Scientists — 12,,,,,,
Genuine Parts,1,73,low,0.038,https://www.genpt.com,genpt.com,Wholesale Trade,"Software Developers — 125; Information Technology Project Managers — 20; Information Security Engineers — 9; Computer and Information Systems Managers — 7; Software Developers, Applications — 7",,,,,,
The Rockefeller University,1,73,low,0.006,https://www.rockefeller.edu,rockefeller.edu,Educational Services,"Medical Scientists, Except Epidemiologists — 77; Biological Technicians — 44; Biochemists and Biophysicists — 17; Biological Scientists, All Other — 11; Bioinformatics Technicians — 6",,,,,,
Td Securities (Usa),1,73,low,0.072,https://tdsecurities.com,tdsecurities.com,Finance and Insurance,Financial and Investment Analysts — 72; Software Developers — 35; Financial Quantitative Analysts — 29; Financial Risk Specialists — 7; Information Technology Project Managers — 6,,,,,,
Collabera,3,72,low,0.023,https://collabera.com,collabera.com,"Professional, Scientific, and Technical Services",Software Developers — 291; Human Resources Specialists — 15; Information Security Analysts — 10; Computer Systems Analysts — 7; Computer Systems Engineers/Architects — 6,,,,,,
Confluent,7,72,low,0.043,https://www.confluent.io,confluent.io,Information,Software Developers — 245; Computer and Information Systems Managers — 28; Data Scientists — 10; Information Technology Project Managers — 8; Market Research Analysts and Marketing Specialists — 7,,,,,,
Db Usa Core,1,72,low,0.059,https://country.db.com/usa/,country.db.com,Finance and Insurance,Software Developers — 133; Software Quality Assurance Analysts and Testers — 83; Financial and Investment Analysts — 56; Financial Quantitative Analysts — 44; Computer Systems Engineers/Architects — 31,,,,,,
Latentview Analytics,7,72,high,0.730,https://www.latentview.com/,latentview.com,"Professional, Scientific, and Technical Services",Data Scientists — 147; Software Developers — 79; Operations Research Analysts — 48; Business Intelligence Analysts — 16; Statisticians — 3,,,,,,
Sage It,4,72,low,0.085,,,"Professional, Scientific, and Technical Services","Software Developers — 343; Data Scientists — 31; Software Quality Assurance Analysts and Testers — 12; Software Developers, Applications — 8; Computer Systems Engineers/Architects — 5",,,,needs_url,,
Sap Labs,2,72,low,0.057,https://www.sap.com/,sap.com,"Professional, Scientific, and Technical Services",Software Developers — 207; Computer Systems Analysts — 46; Web and Digital Interface Designers — 16; Computer and Information Systems Managers — 13; Data Scientists — 12,,,,,,
Workday,3,72,low,0.040,https://www.workday.com,workday.com,"Professional, Scientific, and Technical Services",Software Developers — 749; Software Quality Assurance Analysts and Testers — 39; Computer and Information Systems Managers — 38; Computer Systems Engineers/Architects — 26; Business Intelligence Analysts — 21,,,,,,
O9 Solutions,1,71,high,0.345,https://www.o9solutions.com/,o9solutions.com,"Professional, Scientific, and Technical Services",Software Developers — 32; Computer Systems Engineers/Architects — 48; Operations Research Analysts — 42; Business Intelligence Analysts — 21; Industrial Engineers — 16,,,,,,
"Ascendion, Inc. (Formerly Known As Collabera, Inc.)",6,69,low,0.064,https://ascendion.com/,ascendion.com,"Professional, Scientific, and Technical Services",Software Developers — 244; Software Quality Assurance Analysts and Testers — 56; Information Technology Project Managers — 32; Computer Systems Engineers/Architects — 21; Computer Systems Analysts — 21,,,,,,
Bnp Paribas Securities,1,69,low,0.048,https://securities.cib.bnpparibas/,securities.cib.bnpparibas,Finance and Insurance,"Financial and Investment Analysts — 59; Financial Quantitative Analysts — 51; Securities, Commodities, and Financial Services Sales Agents — 20; Financial Managers — 8; Financial Risk Specialists — 7",,,,,,
Safeway,1,69,low,0.098,http://www.safeway.com,safeway.com,Retail Trade,Software Developers — 305; Pharmacists — 84; Computer and Information Systems Managers — 63; Software Quality Assurance Analysts and Testers — 34; Data Scientists — 26,,,,,,
Sirius Xm Radio,2,69,medium,0.123,https://www.siriusxm.com/,siriusxm.com,Information,"Software Developers — 263; Software Quality Assurance Analysts and Testers — 34; Data Scientists — 33; Software Developers, Applications — 33; Information Technology Project Managers — 14",,,,,,
Simpson Thacher & Bartlett,2,68,low,0.000,,,"Professional, Scientific, and Technical Services","Lawyers — 148; Software Developers — 2; Sales Engineers — 2; Civil Engineers — 2; Business Operations Specialists, All Other — 2",,,,needs_url,,
Nomura Securities International,1,67,low,0.058,https://www.nomura.com,nomura.com,Finance and Insurance,Financial and Investment Analysts — 108; Financial Analysts — 10; Financial Quantitative Analysts — 9; Financial Managers — 8; Operations Research Analysts — 5,,,,,,
Virtusa Consulting Services Pvt,3,67,low,0.026,https://www.virtusa.com/,virtusa.com,"Professional, Scientific, and Technical Services",Software Developers — 158; Computer Systems Analysts — 45; Information Technology Project Managers — 33; Management Analysts — 12; Sales Engineers — 7,,,,,,
Crystal Analytics,1,66,low,0.000,,,"Professional, Scientific, and Technical Services",Software Developers — 66,,,,needs_url,,
Mass General Brigham,1,66,low,0.004,https://www.massgeneralbrigham.org/,massgeneralbrigham.org,Health Care and Social Assistance,"Physicians, All Other — 199; Surgeons, All Other — 7; Natural Sciences Managers — 6; Lawyers — 3; Dentists, General — 3",,,,,,
Okta,2,66,low,0.064,https://www.okta.com,okta.com,"Professional, Scientific, and Technical Services",Software Developers — 164; Sales Engineers — 46; Computer and Information Systems Managers — 40; Information Technology Project Managers — 32; Business Intelligence Analysts — 10,,,,,,
Remitly,2,66,medium,0.208,http://remitly.com,remitly.com,Finance and Insurance,Software Developers — 73; Information Technology Project Managers — 21; Data Scientists — 18; Business Intelligence Analysts — 17; Market Research Analysts and Marketing Specialists — 13,,,,,,
Educational Testing Service,1,65,low,0.076,https://ets.org,ets.org,"Professional, Scientific, and Technical Services","Software Developers — 59; Computer Systems Engineers/Architects — 51; Information Technology Project Managers — 24; Software Developers, Non R&D — 24; Instructional Coordinators — 20",,,,,,
Georgia State University,1,65,low,0.000,https://www.gsu.edu/,gsu.edu,Educational Services,"Computer Science Teachers, Postsecondary — 31; Medical Scientists, Except Epidemiologists — 23; Biochemists and Biophysicists — 15; Business Teachers, Postsecondary — 12; Mathematical Science Teachers, Postsecondary — 10",,,,,,
Alixpartners,4,64,low,0.008,https://www.alixpartners.com/,alixpartners.com,"Professional, Scientific, and Technical Services",Management Analysts — 222; Software Developers — 19; Accountants and Auditors — 4; Software Quality Assurance Analysts and Testers — 3; Business Intelligence Analysts — 2,,,,,,
Amarthy It Solutions,1,64,medium,0.152,https://amarthy.com,amarthy.com,"Professional, Scientific, and Technical Services",Software Developers — 40; Business Intelligence Analysts — 5; Human Resources Specialists — 4; Database Administrators — 3; Computer Systems Analysts — 3,,,,,,
Experis Us,6,64,low,0.095,https://www.experis.com/,experis.com,"Professional, Scientific, and Technical Services",Software Developers — 347; Data Scientists — 25; Software Quality Assurance Analysts and Testers — 23; Computer Systems Analysts — 19; Information Technology Project Managers — 13,,,,,,
H. Lee Moffitt Cancer Center & Research Institute,1,64,medium,0.208,https://www.moffitt.org/,moffitt.org,Health Care and Social Assistance,Molecular and Cellular Biologists — 65; Bioinformatics Scientists — 21; Biostatisticians — 16; Software Developers — 13; Business Intelligence Analysts — 12,,,,,,
University Community Hospital,1,63,low,0.000,,,Health Care and Social Assistance,"Healthcare Diagnosing or Treating Practitioners, All Other — 70; Medical and Clinical Laboratory Technologists — 56; Financial and Investment Analysts — 3; Medical Scientists, Except Epidemiologists — 3; Accountants and Auditors — 2",,,,needs_url,,
Visionet Systems,2,63,low,0.026,https://www.visionet.com/,visionet.com,"Professional, Scientific, and Technical Services",Software Developers — 158; Computer Systems Analysts — 45; Information Technology Project Managers — 33; Management Analysts — 12; Sales Engineers — 7,,,,,,
Broadcom,1,62,low,0.000,https://www.broadcom.com,broadcom.com,"Machinery, Equipment, and Durable Goods Manufacturing","Electronics Engineers, Except Computer — 151; Software Developers — 63; Software Quality Assurance Analysts and Testers — 23; Computer and Information Systems Managers — 4; Sales Engineers — 4",,,,,,
Crusoe Energy Systems,2,62,low,0.014,https://www.crusoeenergy.com/,crusoeenergy.com,Information,Software Developers — 37; Network and Computer Systems Administrators — 11; Information Technology Project Managers — 6; Computer Systems Engineers/Architects — 5; Computer Network Support Specialists — 5,,,,,,
Datadex Systems,1,62,low,0.000,,,"Professional, Scientific, and Technical Services",Software Developers — 63,,,,needs_url,,
Intersystems,1,62,low,0.025,https://www.intersystems.com,intersystems.com,"Professional, Scientific, and Technical Services",Software Developers — 67; Software Quality Assurance Analysts and Testers — 17; Computer Systems Engineers/Architects — 15; Computer and Information Systems Managers — 4; Computer Systems Analysts — 4,,,,,,
"Toyota Motor Engineering & Manufacturing North America, Inc. (Tema)",1,62,low,0.000,https://www.toyota.com,toyota.com,Materials and Chemical Manufacturing,"Computer Occupations, All Other — 33; Software Developers — 33; Mechanical Engineers — 8; Architectural and Engineering Managers — 5; Engineers, All Other — 5",,,,,,
Cubist Systematic Strategies,1,61,low,0.015,https://www.point72.com/,point72.com,Finance and Insurance,Financial and Investment Analysts — 48; Financial Quantitative Analysts — 46; Software Developers — 24; Financial Managers — 5; Financial Analysts — 4,,,,,,
Latham & Watkins,3,61,low,0.049,https://www.lw.com/,lw.com,"Professional, Scientific, and Technical Services",Lawyers — 221; Data Scientists — 7; Business Intelligence Analysts — 4; Technical Writers — 4; Financial Examiners — 3,,,,,,
Motorola Solutions,1,61,low,0.000,https://www.motorolasolutions.com/,motorolasolutions.com,"Machinery, Equipment, and Durable Goods Manufacturing",Software Developers — 181; Computer Systems Engineers/Architects — 40; Information Technology Project Managers — 30; Network and Computer Systems Administrators — 25; Computer Systems Analysts — 23,,,,,,
Qualtrics,1,61,low,0.014,https://www.qualtrics.com,qualtrics.com,"Professional, Scientific, and Technical Services",Software Developers — 160; Information Technology Project Managers — 19; Software Quality Assurance Analysts and Testers — 8; Information Security Analysts — 5; Computer and Information Systems Managers — 5,,,,,,
Infovision,2,59,low,0.000,https://www.infovision.com/,infovision.com,"Professional, Scientific, and Technical Services",Software Developers — 188; Computer and Information Systems Managers — 17; Computer Systems Analysts — 4; Sales Managers — 1; Sales Engineers — 1,,,,,,
Jump Operations,1,59,low,0.014,,,Finance and Insurance,Financial Quantitative Analysts — 60; Software Developers — 54; Financial and Investment Analysts — 8; Computer Programmers — 3; Computer Network Architects — 3,,,,needs_url,,
Omnivision Technologies,1,59,low,0.009,https://www.ovt.com/,ovt.com,"Machinery, Equipment, and Durable Goods Manufacturing","Electronics Engineers, Except Computer — 88; Materials Engineers — 7; Software Developers — 6; Information Security Analysts — 4; Computer Network Architects — 2",,,,,,
Cirrus Logic International Semiconductor,1,58,low,0.000,https://www.cirrus.com/,cirrus.com,"Professional, Scientific, and Technical Services","Electronics Engineers, Except Computer — 169; Software Developers — 16; Software Quality Assurance Analysts and Testers — 11; Validation Engineers — 5; Architectural and Engineering Managers — 3",,,,,,
Rush University Medical Center,1,58,low,0.078,https://rush.edu,rush.edu,Health Care and Social Assistance,"Healthcare Practitioners and Technical Workers, All Other — 78; Medical Scientists, Except Epidemiologists — 38; Bioengineers and Biomedical Engineers — 11; Radiologists — 8; Operations Research Analysts — 7",,,,,,
Samsung Research America,2,58,low,0.000,https://www.sra.samsung.com,sra.samsung.com,"Professional, Scientific, and Technical Services",Software Developers — 91; Computer and Information Research Scientists — 39; Information Technology Project Managers — 12; Computer Systems Engineers/Architects — 9; Electrical Engineers — 9,,,,,,
The University Of Texas At San Antonio,1,58,low,0.000,https://www.utsa.edu/,utsa.edu,Educational Services,"Computer Science Teachers, Postsecondary — 20; Engineering Teachers, Postsecondary — 17; Mathematical Science Teachers, Postsecondary — 11; Business Teachers, Postsecondary — 9; Architecture Teachers, Postsecondary — 7",,,,,,
D. E. Shaw &,1,57,low,0.070,http://www.deshaw.com/,deshaw.com,Finance and Insurance,Financial Quantitative Analysts — 38; Financial and Investment Analysts — 19; Software Developers — 17; Accountants and Auditors — 12; Business Intelligence Analysts — 8,,,,,,
Macquarie Holdings (Usa),1,57,low,0.000,https://www.macquarie.com,macquarie.com,Management of Companies and Enterprises,Financial and Investment Analysts — 128; Management Analysts — 12; Financial Risk Specialists — 9; Financial Quantitative Analysts — 9; Financial Managers — 7,,,,,,
Davis Polk & Wardwell,1,57,low,0.000,http://www.davispolk.com,davispolk.com,"Professional, Scientific, and Technical Services",Lawyers — 156; Marketing Managers — 2,,,,,,
Citadel Enterprise Americas Services,1,56,high,0.274,,,Finance and Insurance,Software Developers — 103; Operations Research Analysts — 48; Financial and Investment Analysts — 6; Accountants and Auditors — 5; Information Security Analysts — 4,,,,needs_url,,
Gap,1,56,high,0.251,https://www.gapinc.com,gapinc.com,Retail Trade,"Software Developers — 140; Operations Research Analysts — 51; Fashion Designers — 23; Software Developers, Applications — 21; Software Developers, Systems Software — 19",,,,,,
Genpact,5,56,high,0.297,https://genpact.com,genpact.com,"Professional, Scientific, and Technical Services",Software Developers — 326; Operations Research Analysts — 129; Information Technology Project Managers — 36; Computer Systems Engineers/Architects — 35; Business Intelligence Analysts — 26,,,,,,
Laboratory Corporation Of America Holdings,2,56,low,0.071,https://www.labcorp.com/,labcorp.com,Health Care and Social Assistance,Software Developers — 101; Medical and Clinical Laboratory Technologists — 55; Software Quality Assurance Analysts and Testers — 55; Database Architects — 13; Computer Systems Analysts — 9,,,,,,
Nextile Technologies,1,56,low,0.000,,,"Professional, Scientific, and Technical Services",Software Developers — 56,,,,needs_url,,
"People Center, Inc. D/B/A Rippling",2,56,low,0.094,https://www.rippling.com/,rippling.com,"Professional, Scientific, and Technical Services",Software Developers — 148; Computer and Information Systems Managers — 36; Operations Research Analysts — 8; Data Scientists — 7; Marketing Managers — 7,,,,,,
Birlasoft Solutions,3,55,low,0.015,https://www.birlasoft.com,birlasoft.com,"Professional, Scientific, and Technical Services",Software Developers — 278; Computer Systems Analysts — 153; Information Technology Project Managers — 33; Software Quality Assurance Analysts and Testers — 28; Management Analysts — 9,,,,,,
Chicago Mercantile Exchange,1,55,medium,0.108,https://www.cmegroup.com,cmegroup.com,Finance and Insurance,Software Developers — 77; Software Quality Assurance Analysts and Testers — 27; Financial Quantitative Analysts — 26; Financial Risk Specialists — 14; Statisticians — 9,,,,,,
Datarek Services,1,55,low,0.000,,,"Professional, Scientific, and Technical Services",Software Developers — 55,,,,needs_url,,
Georgia-Pacific,1,55,medium,0.136,https://www.gp.com,gp.com,Materials and Chemical Manufacturing,Software Developers — 58; Computer Systems Analysts — 30; Management Analysts — 10; Operations Research Analysts — 7; Data Warehousing Specialists — 6,,,,,,
Point72,1,55,high,0.377,https://point72.com,point72.com,Finance and Insurance,Data Scientists — 50; Software Developers — 36; Financial and Investment Analysts — 21; Financial Quantitative Analysts — 16; Computer and Information Research Scientists — 9,,,,,,
San Jose Unified School District,1,55,low,0.000,https://www.sjusd.org,sjusd.org,Educational Services,"Secondary School Teachers, Except Special and Career/Technical Education — 31; Special Education Teachers, Elementary School — 30; Special Education Teachers, Middle School — 24; Special Education Teachers, Secondary School — 23; Speech-Language Pathologists — 19",,,,,,
Sony Interactive Entertainment,2,55,medium,0.123,https://sonyinteractive.com,sonyinteractive.com,"Professional, Scientific, and Technical Services","Software Developers — 271; Software Quality Assurance Analysts and Testers — 53; Data Scientists — 40; Operations Research Analysts — 19; Software Developers, Applications — 19",,,,,,
Toprow Resources,1,55,low,0.000,,,"Professional, Scientific, and Technical Services",Software Developers — 55,,,,needs_url,,
University Of Central Florida,1,55,low,0.000,https://www.ucf.edu,ucf.edu,Educational Services,"Engineering Teachers, Postsecondary — 30; Computer Science Teachers, Postsecondary — 16; Business Teachers, Postsecondary — 8; Mathematical Science Teachers, Postsecondary — 8; Astronomers — 7",,,,,,
Cook County Health,1,54,low,0.000,https://www.cookcountyhealth.org,cookcountyhealth.org,Health Care and Social Assistance,"Physicians, All Other — 86; General Internal Medicine Physicians — 3; Oral and Maxillofacial Surgeons — 1",,,,,,
Dk Crown Holdings,1,54,medium,0.207,https://www.draftkings.com/,draftkings.com,"Arts, Entertainment, and Recreation",Software Developers — 81; Database Architects — 17; Marketing Managers — 4; Data Scientists — 4; Computer and Information Systems Managers — 4,,,,,,
Ncr Voyix,2,54,low,0.021,https://www.ncrvoyix.com,ncrvoyix.com,"Professional, Scientific, and Technical Services",Software Developers — 91; Information Technology Project Managers — 16; Computer Systems Analysts — 12; Software Quality Assurance Engineers and Testers — 7; Industrial Engineers — 5,,,,,,
Sandisk Technologies,5,54,low,0.034,https://sandisk.com/,sandisk.com,"Machinery, Equipment, and Durable Goods Manufacturing","Electronics Engineers, Except Computer — 84; Industrial Engineers — 38; Information Technology Project Managers — 17; Software Developers — 17; Software Quality Assurance Analysts and Testers — 16",,,,,,
Wellington Management,1,54,low,0.000,https://wellington.com,wellington.com,Finance and Insurance,Software Developers — 99; Financial Quantitative Analysts — 26; Financial and Investment Analysts — 24; Software Quality Assurance Analysts and Testers — 9; Computer Systems Analysts — 7,,,,,,
Ariba,3,53,low,0.020,https://www.ariba.com,ariba.com,"Professional, Scientific, and Technical Services",Software Developers — 118; Computer Systems Analysts — 85; Software Quality Assurance Analysts and Testers — 22; Web and Digital Interface Designers — 7; Computer and Information Systems Managers — 6,,,,,,
Baptist Health South Florida,1,53,medium,0.124,https://www.baptisthealth.net,baptisthealth.net,Health Care and Social Assistance,"Medical Scientists, Except Epidemiologists — 50; Software Developers — 16; Data Scientists — 9; Physicians, All Other — 9; Computer Systems Engineers/Architects — 6",,,,,,
Groupm Worldwide,1,53,high,0.463,https://www.wppmedia.com/,wppmedia.com,"Professional, Scientific, and Technical Services",Market Research Analysts and Marketing Specialists — 57; Business Intelligence Analysts — 42; Data Scientists — 23; Operations Research Analysts — 17; Search Marketing Strategists — 16,,,,,,
Mitchell/Martin,4,53,low,0.052,https://www.mitchellmartin.com/,mitchellmartin.com,"Professional, Scientific, and Technical Services",Software Developers — 316; Data Scientists — 18; Software Quality Assurance Analysts and Testers — 12; Computer and Information Systems Managers — 5; Computer Systems Analysts — 4,,,,,,
Pjt Partners Holdings,1,53,low,0.017,https://www.pjtpartners.com,pjtpartners.com,Finance and Insurance,"Financial and Investment Analysts — 208; Computer Systems Engineers/Architects — 8; Financial Managers — 7; Business Intelligence Analysts — 4; Securities, Commodities, and Financial Services Sales Agents — 4",,,,,,
Sei Investments,1,53,medium,0.135,http://www.seic.com,seic.com,Finance and Insurance,Software Developers — 113; Database Administrators — 17; Information Technology Project Managers — 6; Software Quality Assurance Analysts and Testers — 6; Operations Research Analysts — 4,,,,,,
Axon Enterprise,3,52,low,0.079,https://www.axon.com,axon.com,"Machinery, Equipment, and Durable Goods Manufacturing",Software Developers — 139; Manufacturing Engineers — 17; Commercial and Industrial Designers — 13; Data Scientists — 12; Industrial Engineers — 11,,,,,,
Selogix Services,1,52,low,0.000,,,"Professional, Scientific, and Technical Services",Software Developers — 53,,,,needs_url,,
Stackle,1,52,low,0.000,,,"Professional, Scientific, and Technical Services",Software Developers — 52,,,,needs_url,,
Zeus Solutions,1,52,medium,0.182,,,"Professional, Scientific, and Technical Services",Software Developers — 80; Data Scientists — 14; Business Intelligence Analysts — 5; Management Analysts — 4; Information Technology Project Managers — 3,,,,needs_url,,
Altera,1,51,low,0.033,https://www.altera.com/,altera.com,"Machinery, Equipment, and Durable Goods Manufacturing","Electronics Engineers, Except Computer — 38; Software Developers — 5; Microsystems Engineers — 3; Industrial Engineers — 3; Sales Engineers — 2",,,,,,
Analysis Group,3,51,high,0.377,https://www.analysisgroup.com,analysisgroup.com,"Professional, Scientific, and Technical Services",Economists — 179; Biostatisticians — 92; Statisticians — 10; Data Scientists — 7; Financial and Investment Analysts — 1,,,,,,
Brigham And Women's Physicians Organization,1,51,low,0.000,https://www.brighamandwomens.org,brighamandwomens.org,Health Care and Social Assistance,"Hospitalists — 45; Radiologists — 21; General Internal Medicine Physicians — 18; Anesthesiologists — 13; Physicians, All Other — 12",,,,,,
Ca,3,51,low,0.032,,,"Professional, Scientific, and Technical Services",Software Developers — 144; Sales Engineers — 12; Computer and Information Systems Managers — 10; Software Quality Assurance Analysts and Testers — 10; Data Scientists — 4,,,,needs_url,,
Discord,1,51,high,0.387,https://discord.com,discord.com,Information,"Data Scientists — 40; Software Developers — 31; Computer and Information Systems Managers — 11; Software Developers, Systems Software — 8; Information Technology Project Managers — 7",,,,,,
The Pnc Financial Services Group,2,51,medium,0.201,https://www.pnc.com/,pnc.com,Finance and Insurance,Software Developers — 177; Financial Quantitative Analysts — 61; Operations Research Analysts — 23; Statisticians — 17; Business Intelligence Analysts — 11,,,,,,
Southern Methodist University,1,51,low,0.066,https://www.smu.edu,smu.edu,Educational Services,"Business Teachers, Postsecondary — 15; Foreign Language and Literature Teachers, Postsecondary — 13; Mathematical Science Teachers, Postsecondary — 9; Economics Teachers, Postsecondary — 8; Engineering Teachers, Postsecondary — 7",,,,,,
Tavant Technologies,3,51,low,0.039,https://tavant.com,tavant.com,"Professional, Scientific, and Technical Services",Software Developers — 217; Software Quality Assurance Analysts and Testers — 48; Information Technology Project Managers — 28; Computer Systems Engineers/Architects — 26; Computer Programmers — 24,,,,,,
Dgn Technologies,3,50,low,0.028,http://www.dgntechnologies.com/,dgntechnologies.com,Information,Software Developers — 47; Computer Programmers — 35; Computer Systems Analysts — 25; Information Technology Project Managers — 21; Software Quality Assurance Analysts and Testers — 16,,,,,,
Hp,2,50,medium,0.103,https://www.hp.com,hp.com,"Machinery, Equipment, and Durable Goods Manufacturing",Software Developers — 184; Information Technology Project Managers — 52; Market Research Analysts and Marketing Specialists — 35; Software Quality Assurance Analysts and Testers — 33; Operations Research Analysts — 29,,,,,,
Northwestern Memorial Healthcare,1,50,medium,0.132,https://www.nm.org,nm.org,Health Care and Social Assistance,"Medical and Clinical Laboratory Technologists — 58; Data Warehousing Specialists — 21; Data Scientists — 14; Software Developers — 13; Physicians, All Other — 11",,,,,,
Nuro,1,50,low,0.039,https://www.nuro.ai,nuro.ai,"Professional, Scientific, and Technical Services","Software Developers — 100; Mechanical Engineers — 54; Software Developers, Systems Software — 16; Electrical Engineers — 9; Electronics Engineers, Except Computer — 8",,,,,,
Stanford Health Care,3,50,low,0.048,https://www.stanfordhealthcare.org,stanfordhealthcare.org,Health Care and Social Assistance,"Healthcare Practitioners and Technical Workers, All Other — 80; Computer Systems Analysts, Non R&D — 43; Software Developers, Non R&D — 27; Computer and Information Systems Managers — 22; Data Scientists — 10",,,,,,
"Woven By Toyota, U.S",3,50,low,0.000,https://woven.toyota,woven.toyota,Information,"Software Developers — 57; Engineers, All Other — 19; Computer and Information Systems Managers — 8; Computer Occupations, All Other — 7; Architectural and Engineering Managers — 5",,,,,,
Bank Of China,1,49,medium,0.126,http://www.boc.cn,boc.cn,Finance and Insurance,Financial Examiners — 25; Financial Quantitative Analysts — 19; Credit Analysts — 16; Financial Risk Specialists — 16; Accountants and Auditors — 14,,,,,,
Ice Mortgage Technology,1,49,low,0.088,http://www.icemortgagetechnology.com,icemortgagetechnology.com,"Professional, Scientific, and Technical Services",Software Developers — 227; Software Quality Assurance Analysts and Testers — 85; Computer Systems Engineers/Architects — 23; Business Intelligence Analysts — 13; Information Technology Project Managers — 11,,,,,,
Jkv International,1,49,low,0.021,https://jkvinternational.com/,jkvinternational.com,"Professional, Scientific, and Technical Services",Software Developers — 69; Web Developers — 44; Computer Systems Analysts — 9; Computer Systems Engineers/Architects — 7; Software Quality Assurance Analysts and Testers — 6,,,,,,
Mcdonald's,1,49,medium,0.101,https://www.mcdonalds.com/,mcdonalds.com,Accommodation and Food Services,Software Developers — 105; Computer Systems Engineers/Architects — 28; Computer and Information Systems Managers — 6; Business Intelligence Analysts — 6; Data Scientists — 6,,,,,,
Reddit,3,49,medium,0.233,https://www.reddit.com/,reddit.com,Information,Software Developers — 129; Data Scientists — 43; Computer and Information Systems Managers — 23; Business Intelligence Analysts — 11; Information Technology Project Managers — 10,,,,,,
Research Foundation Of Cuny,1,49,medium,0.190,https://www.rfcuny.org/rfwebsite/,rfcuny.org,Educational Services,Physicists — 15; Social Science Research Assistants — 15; Biochemists and Biophysicists — 12; Data Scientists — 10; Database Administrators — 6,,,,,,
Scotia Capital (Usa),1,49,low,0.000,https://www.scotiabank.com,scotiabank.com,Finance and Insurance,Financial and Investment Analysts — 114; Financial Analysts — 8; Financial Quantitative Analysts — 2,,,,,,
Tracematrix Technologies,1,49,low,0.000,,,"Professional, Scientific, and Technical Services",Software Developers — 49,,,,needs_url,,
Transunion,1,49,high,0.323,https://www.transunion.com/,transunion.com,Administrative and Support and Waste Management (and Remediation Services),Software Developers — 157; Data Scientists — 67; Computer and Information Systems Managers — 57; Statisticians — 30; Information Technology Project Managers — 27,,,,,,
Akuna Capital,1,48,low,0.058,https://akunacapital.com/,akunacapital.com,Finance and Insurance,Software Developers — 52; Financial Quantitative Analysts — 32; Financial and Investment Analysts — 19; Data Scientists — 4; Statisticians — 3,,,,,,
Digitaldrip,1,48,low,0.000,,,"Professional, Scientific, and Technical Services",Software Developers — 50,,,,needs_url,,
Equinix,3,48,low,0.089,https://www.equinix.com,equinix.com,"Professional, Scientific, and Technical Services",Software Developers — 200; Information Technology Project Managers — 57; Computer Systems Engineers/Architects — 18; Business Intelligence Analysts — 18; Computer Network Architects — 15,,,,,,
Thomas Jefferson University,1,48,low,0.067,https://jefferson.edu/,jefferson.edu,Educational Services,"Medical Scientists, Except Epidemiologists — 35; Health Specialties Teachers, Postsecondary — 33; Biochemists and Biophysicists — 28; Clinical Research Coordinators — 8; Biological Technicians — 7",,,,,,
Amgen,3,47,high,0.268,https://www.amgen.com,amgen.com,"Professional, Scientific, and Technical Services","Software Developers — 208; Business Intelligence Analysts — 112; Chemical Engineers — 77; Chemists — 70; Medical Scientists, Except Epidemiologists — 67",,,,,,
Crowdstrike,2,47,low,0.031,https://www.crowdstrike.com/,crowdstrike.com,"Professional, Scientific, and Technical Services",Software Developers — 145; Computer Systems Engineers/Architects — 31; Information Technology Project Managers — 23; Computer and Information Systems Managers — 20; Software Quality Assurance Analysts and Testers — 10,,,,,,
Fmr Llc D/B/A Fidelity Investments,2,47,medium,0.218,https://www.fidelity.com/,fidelity.com,Finance and Insurance,Information Security Analysts — 51; Data Scientists — 28; Software Developers — 27; Financial and Investment Analysts — 26; Management Analysts — 26,,,,,,
Smbc Capital Markets,2,47,low,0.088,https://www.smbcgroup.com/,smbcgroup.com,Finance and Insurance,Software Developers — 57; Financial and Investment Analysts — 38; Financial Quantitative Analysts — 19; Business Intelligence Analysts — 15; Financial Risk Specialists — 9,,,,,,
Tsmc Technology,2,47,low,0.080,https://www.tsmc.com,tsmc.com,"Professional, Scientific, and Technical Services","Electronics Engineers, Except Computer — 89; Data Scientists — 9; Architectural and Engineering Managers — 3; Mathematicians — 3; Sales Engineers — 2",,,,,,
Florida International University,1,46,low,0.000,http://www.fiu.edu/,fiu.edu,Educational Services,"Computer Science Teachers, Postsecondary — 27; Engineering Teachers, Postsecondary — 22; Biological Science Teachers, Postsecondary — 8; Business Teachers, Postsecondary — 7; Medical Scientists, Except Epidemiologists — 7",,,,,,
Ford Motor,2,46,low,0.079,https://www.ford.com/,ford.com,"Machinery, Equipment, and Durable Goods Manufacturing",Software Developers — 1003; Automotive Engineers — 299; Mechanical Engineers — 177; Electrical Engineers — 159; Information Technology Project Managers — 115,,,,,,
Weride,1,46,low,0.010,https://www.weride.ai,weride.ai,"Professional, Scientific, and Technical Services",Software Developers — 80; Mechanical Engineers — 6; Industrial Engineers — 4; Human Resources Specialists — 4; Automotive Engineers — 3,,,,,,
The Depository Trust & Clearing,2,45,low,0.008,https://dtcc.com,dtcc.com,Finance and Insurance,Software Developers — 210; Computer Network Architects — 4; Computer and Information Systems Managers — 4; Network and Computer Systems Administrators — 4; Software Quality Assurance Analysts and Testers — 4,,,,,,
Point72 Asset Management,1,45,low,0.041,https://point72.com,point72.com,Finance and Insurance,Financial and Investment Analysts — 62; Financial Quantitative Analysts — 25; Investment Fund Managers — 9; Software Developers — 6; Financial Risk Specialists — 6,,,,,,
Twitch Interactive,2,45,medium,0.203,https://www.twitch.tv,twitch.tv,Retail Trade Group Two,Software Developers — 111; Data Scientists — 30; Computer and Information Systems Managers — 22; Computer and Information Research Scientists — 15; Accountants and Auditors — 14,,,,,,
Align Technology,1,44,medium,0.190,https://www.aligntech.com/,aligntech.com,"Machinery, Equipment, and Durable Goods Manufacturing",Software Developers — 44; Business Intelligence Analysts — 23; Computer Systems Analysts — 19; Computer and Information Systems Managers — 17; Software Quality Assurance Analysts and Testers — 15,,,,,,
Commure,1,44,high,0.319,https://www.commure.com,commure.com,"Professional, Scientific, and Technical Services",Software Developers — 34; Operations Research Analysts — 21; Computer and Information Systems Managers — 4; Graphic Designers — 3; Database Administrators — 2,,,,,,
Gavs Technologies Na,2,44,low,0.010,https://www.gavstech.com/,gavstech.com,"Professional, Scientific, and Technical Services","Computer Systems Engineers/Architects — 75; Information Technology Project Managers — 68; Software Developers — 24; Computer Occupations, All Other — 11; Network and Computer Systems Administrators — 8",,,,,,
Illumio,1,44,low,0.085,https://illumio.com,illumio.com,"Professional, Scientific, and Technical Services",Software Developers — 53; Software Quality Assurance Analysts and Testers — 11; Computer and Information Systems Managers — 8; Data Scientists — 5; Web and Digital Interface Designers — 5,,,,,,
Mastercard International,3,44,low,0.088,https://mastercard.com,mastercard.com,Finance and Insurance,Software Developers — 595; Management Analysts — 124; Business Intelligence Analysts — 43; Data Scientists — 39; Computer and Information Systems Managers — 33,,,,,,
Rokt Us,1,44,medium,0.143,https://www.rokt.com/,rokt.com,"Professional, Scientific, and Technical Services",Software Developers — 38; Market Research Analysts and Marketing Specialists — 20; Business Intelligence Analysts — 9; Marketing Managers — 8; Architectural and Engineering Managers — 7,,,,,,
Sg Americas Operational Services,1,44,low,0.097,,,Administrative and Support and Waste Management and Remediation Services,Software Developers — 53; Financial Risk Specialists — 41; Financial Quantitative Analysts — 22; Business Intelligence Analysts — 17; Accountants and Auditors — 15,,,,needs_url,,
Adp Technology Services,1,43,low,0.044,https://www.adp.com,adp.com,Information,Software Developers — 887; Information Technology Project Managers — 53; Computer and Information Systems Managers — 50; Software Quality Assurance Analysts and Testers — 46; Data Scientists — 37,,,,,,
Aeva,1,43,low,0.019,https://www.aeva.com,aeva.com,"Professional, Scientific, and Technical Services","Electrical Engineers — 29; Electronics Engineers, Except Computer — 16; Mechanical Engineers — 15; Software Developers — 15; Computer and Information Systems Managers — 11",,,,,,
Archer Aviation Operating,1,43,low,0.026,https://archer.com/,archer.com,"Machinery, Equipment, and Durable Goods Manufacturing",Mechanical Engineers — 31; Aerospace Engineers — 17; Electrical Engineers — 13; Software Developers — 4; Computer Systems Analysts — 3,,,,,,
Asana,1,43,medium,0.222,https://asana.com,asana.com,"Professional, Scientific, and Technical Services",Software Developers — 115; Data Scientists — 20; Business Intelligence Analysts — 16; Graphic Designers — 13; Information Technology Project Managers — 13,,,,,,
The Bank Of Nova Scotia,1,43,medium,0.115,https://www.scotiabank.com,scotiabank.com,Finance and Insurance,Financial and Investment Analysts — 81; Software Developers — 29; Business Intelligence Analysts — 10; Financial Managers — 8; Data Scientists — 8,,,,,,
Boston Medical Center,1,43,high,0.291,https://www.bmc.org/,bmc.org,Health Care and Social Assistance,"Physicians, All Other — 43; Data Scientists — 20; Operations Research Analysts — 10; Clinical Research Coordinators — 9; Medical and Health Services Managers — 8",,,,,,
Emory Healthcare,1,43,low,0.074,https://www.emoryhealthcare.org,emoryhealthcare.org,Health Care and Social Assistance,Acute Care Nurses — 44; Medical and Clinical Laboratory Technologists — 39; Registered Nurses — 24; Dietitians and Nutritionists — 5; Data Scientists — 5,,,,,,
Gradestaffing,2,43,low,0.000,https://gradestaffing.com,gradestaffing.com,"Professional, Scientific, and Technical Services",Software Developers — 43,,,,,,
Jane Street Group,1,43,medium,0.125,https://www.janestreet.com,janestreet.com,Finance and Insurance,Software Developers — 54; Financial and Investment Analysts — 13; Financial Quantitative Analysts — 11; Operations Research Analysts — 7; Accountants and Auditors — 4,,,,,,
Lululemon Usa,1,43,low,0.031,https://lululemon.com,lululemon.com,Retail Trade,Software Developers — 58; Computer Systems Engineers/Architects — 30; Information Technology Project Managers — 18; Computer and Information Systems Managers — 11; Computer Systems Analysts — 3,,,,,,
Ally Bank,1,42,high,0.352,https://www.ally.com,ally.com,Finance and Insurance,Software Developers — 79; Business Intelligence Analysts — 37; Software Quality Assurance Analysts and Testers — 19; Database Administrators — 18; Information Technology Project Managers — 18,,,,,,
Ampere Computing,2,42,low,0.000,http://amperecomputing.com,amperecomputing.com,"Machinery, Equipment, and Durable Goods Manufacturing","Electronics Engineers, Except Computer — 98; Computer Hardware Engineers — 26; Software Developers — 22; Architectural and Engineering Managers — 6; Industrial Engineers — 3",,,,,,
Apollo Management Holdings,1,42,medium,0.193,https://www.apollo.com,apollo.com,Finance and Insurance,Financial and Investment Analysts — 63; Operations Research Analysts — 22; Software Developers — 14; Accountants and Auditors — 5; Lawyers — 3,,,,,,
Christus Health,1,42,medium,0.204,https://www.christushealth.org,christushealth.org,Health Care and Social Assistance,"Software Developers — 36; Data Scientists — 22; Medical and Clinical Laboratory Technologists — 15; Software Developers, Non R&D — 11; Financial and Investment Analysts — 7",,,,,,
Datanova Technologies,1,42,low,0.000,,,"Professional, Scientific, and Technical Services",Computer Systems Engineers/Architects — 22; Computer Programmers — 21,,,,needs_url,,
Msci,2,42,low,0.088,https://www.msci.com/,msci.com,Finance and Insurance,Financial and Investment Analysts — 75; Software Developers — 56; Financial Quantitative Analysts — 55; Software Quality Assurance Analysts and Testers — 30; Business Intelligence Analysts — 17,,,,,,
Namitus Technologies,1,42,low,0.007,https://www.namitus.com,namitus.com,"Professional, Scientific, and Technical Services","Software Developers — 233; Computer Systems Analysts — 41; Human Resources Specialists — 5; Database Administrators — 1; Computer Occupations, All Other — 1",,,,,,
Sirrus Software Services,1,42,low,0.000,,,"Professional, Scientific, and Technical Services",Software Developers — 66; Management Analysts — 1,,,,needs_url,,
Squarepoint Services Us,1,42,low,0.000,https://www.squarepoint-capital.com,squarepoint-capital.com,Finance and Insurance,Financial Quantitative Analysts — 101; Computer Network Support Specialists — 2; Market Research Analysts and Marketing Specialists — 2; Software Developers — 2; Network and Computer Systems Administrators — 1,,,,,,
Synova Solutions,1,42,low,0.000,https://www.synova-solutions.com,synova-solutions.com,"Professional, Scientific, and Technical Services",Computer Programmers — 23; Computer Systems Engineers/Architects — 19,,,,,,
Allen Institute,1,41,low,0.091,https://alleninstitute.org/,alleninstitute.org,"Professional, Scientific, and Technical Services","Biochemists and Biophysicists — 56; Bioinformatics Scientists — 14; Data Scientists — 7; Biological Scientists, All Other — 5; Bioengineers and Biomedical Engineers — 4",,,,,,
Jackson Park Hospital Foundation,1,41,low,0.000,https://www.jacksonparkhospital.org/,jacksonparkhospital.org,Health Care and Social Assistance,Critical Care Nurses — 41,,,,,,
Tabner,2,41,low,0.043,https://tabnerglobal.com,tabnerglobal.com,Information,"Software Developers — 168; Software Developers, Applications — 10; Network and Computer Systems Administrators — 9; Computer Systems Engineers/Architects — 8; Business Intelligence Analysts — 8",,,,,,
Upmc Presbyterian Shadyside,1,41,medium,0.143,http://www.upmc.com/,upmc.com,Health Care and Social Assistance,"Software Developers — 24; Software Developers, Non R&D — 18; Athletic Trainers — 8; Data Scientists — 6; Biostatisticians — 5",,,,,,
Visten It,1,41,low,0.000,,,"Professional, Scientific, and Technical Services",Computer Programmers — 27; Computer Systems Engineers/Architects — 14,,,,needs_url,,
Milbank,1,40,low,0.000,http://www.milbank.com,milbank.com,"Professional, Scientific, and Technical Services",Lawyers — 70; Judicial Law Clerks — 33,,,,,,
Peloton Interactive,1,40,medium,0.123,https://www.onepeloton.com,onepeloton.com,Retail Trade Group Two,Software Developers — 92; Computer and Information Systems Managers — 22; Software Quality Assurance Analysts and Testers — 19; Data Scientists — 15; Database Architects — 9,,,,,,
Quantumscape Battery,1,40,low,0.049,https://www.quantumscape.com/,quantumscape.com,"Machinery, Equipment, and Durable Goods Manufacturing",Materials Engineers — 19; Mechanical Engineers — 13; Industrial Engineers — 10; Materials Scientists — 10; Mechatronics Engineers — 8,,,,,,
Thomas Jefferson University Hospital,1,40,low,0.009,http://jeffersonhealth.org,jeffersonhealth.org,Health Care and Social Assistance,"Physicians, All Other — 78; Healthcare Practitioners and Technical Workers, All Other — 9; Medical and Clinical Laboratory Technologists — 8; Surgeons, All Other — 6; Nurse Practitioners — 4",,,,,,
Cortracker,1,39,low,0.054,https://www.cortracker360.com/,cortracker360.com,"Professional, Scientific, and Technical Services",Software Developers — 44; Electrical Engineers — 3; Computer Systems Analysts — 3; Database Administrators — 2; Information Technology Project Managers — 2,,,,,,
Massachusetts Mutual Life Insurance,1,39,medium,0.224,https://www.massmutual.com/,massmutual.com,Finance and Insurance,"Software Developers — 121; Data Scientists — 38; Financial and Investment Analysts — 16; Computer Systems Analysts — 12; Software Developers, Applications — 11",,,,,,
Resolve Ai,1,39,low,0.000,https://resolve.ai,resolve.ai,"Professional, Scientific, and Technical Services","Software Developers — 25; Software Developers, R&D — 10; Marketing Managers — 3; Web Administrators — 1; Market Research Analysts and Marketing Specialists — 1",,,,,,
Saipsit,1,39,medium,0.110,http://saipsit.com,saipsit.com,"Professional, Scientific, and Technical Services",Software Developers — 165; Database Administrators — 16; Computer Systems Engineers/Architects — 12; Data Scientists — 6; Computer Systems Analysts — 6,,,,,,
Sapien Infotech,1,39,low,0.000,https://sapieninfotech.com,sapieninfotech.com,"Professional, Scientific, and Technical Services",Computer Programmers — 21; Computer Systems Engineers/Architects — 19,,,,,,
Sidley Austin (Us),3,39,low,0.000,https://www.sidley.com,sidley.com,"Professional, Scientific, and Technical Services",Lawyers — 100; Judicial Law Clerks — 18; Market Research Analysts and Marketing Specialists — 1,,,,,,
Smartsheet,1,39,low,0.074,https://www.smartsheet.com/,smartsheet.com,Information,"Software Developers — 95; Computer and Information Systems Managers — 26; Software Developers, Applications — 15; Data Scientists — 13; Human Factors Engineers and Ergonomists — 8",,,,,,
Zulily,1,39,medium,0.147,https://www.zulily.com,zulily.com,Retail Trade Group Two,"Software Developers — 37; Software Developers, Applications — 13; Business Intelligence Analysts — 7; Statisticians — 3; Marketing Managers — 2",,,,,,
Amdocs,3,38,low,0.037,https://www.amdocs.com/,amdocs.com,"Professional, Scientific, and Technical Services","Software Developers — 121; Software Quality Assurance Analysts and Testers — 20; Information Technology Project Managers — 19; Electrical Engineers — 17; Software Developers, Applications — 15",,,,,,
Applabs Tech Solutions,1,38,low,0.023,http://www.applabstechsolutions.com/,applabstechsolutions.com,"Professional, Scientific, and Technical Services",Software Developers — 31; Software Quality Assurance Analysts and Testers — 8; Information Technology Project Managers — 1; Information Security Engineers — 1; Computer Systems Engineers/Architects — 1,,,,,,
Ccc Intelligent Solutions,1,38,medium,0.199,https://www.cccis.com/,cccis.com,Information,Software Developers — 82; Computer and Information Systems Managers — 40; Data Scientists — 32; Software Quality Assurance Analysts and Testers — 10; Computer Systems Analysts — 4,,,,,,
Cepheid,1,38,low,0.045,http://www.Cepheid.com,cepheid.com,"Machinery, Equipment, and Durable Goods Manufacturing",Manufacturing Engineers — 61; Software Developers — 30; Mechanical Engineers — 21; Bioengineers and Biomedical Engineers — 20; Industrial Engineers — 18,,,,,,
Chicago Public Schools,1,38,medium,0.100,http://cps.edu/,cps.edu,Educational Services,"Elementary School Teachers, Except Special Education — 33; Secondary School Teachers, Except Special and Career/Technical Education — 16; Middle School Teachers, Except Special and Career/Technical Education — 11; Special Education Teachers, Elementary School — 7; Data Scientists — 5",,,,,,
Dataeconomy,1,38,low,0.080,https://dataeconomy.ai,dataeconomy.ai,"Professional, Scientific, and Technical Services",Data Warehousing Specialists — 78; SOFTWARE DEVELOPERS — 57; Data Scientists — 10; Computer Programmers — 9; Computer and Information Systems Managers — 4,,,,,,
Fti,2,38,high,0.327,http://www.fticonsulting.com,fticonsulting.com,"Professional, Scientific, and Technical Services",Financial and Investment Analysts — 35; Business Intelligence Analysts — 26; Management Analysts — 23; Operations Research Analysts — 17; Project Management Specialists — 13,,,,,,
Homesite Group,1,38,medium,0.171,https://www.homesite.com,homesite.com,Finance and Insurance,Software Developers — 82; Data Scientists — 18; Computer and Information Systems Managers — 12; Software Quality Assurance Analysts and Testers — 11; Statisticians — 8,,,,,,
Informatica,1,38,high,0.278,https://www.informatica.com,informatica.com,"Professional, Scientific, and Technical Services",Software Developers — 144; Database Administrators — 83; Sales Engineers — 36; Software Quality Assurance Analysts and Testers — 25; Computer and Information Systems Managers — 20,,,,,,
Seattle Children's Hospital,1,38,low,0.070,https://www.seattlechildrens.org/,seattlechildrens.org,Health Care and Social Assistance,"Biological Scientists, All Other — 33; Molecular and Cellular Biologists — 12; Software Developers, Non R&D — 12; Medical Scientists, Except Epidemiologists — 7; Data Scientists — 6",,,,,,
Wayve Technologies,1,38,medium,0.133,https://wayve.ai/,wayve.ai,Information,Software Developers — 18; Data Scientists — 6; Mechatronics Engineers — 5; Computer and Information Research Scientists — 4; Electrical Engineers — 3,,,,,,
X.Ai,1,38,low,0.000,https://x.ai,x.ai,"Professional, Scientific, and Technical Services",Computer and Information Research Scientists — 34; Software Developers — 7; Computer and Information Systems Managers — 6; Sales Engineers — 2; Market Research Analysts and Marketing Specialists — 1,,,,,,
Asurion,1,37,medium,0.124,https://www.asurion.com/,asurion.com,Finance and Insurance,Software Developers — 187; Data Scientists — 24; Software Quality Assurance Analysts and Testers — 13; Information Technology Project Managers — 11; Business Intelligence Analysts — 9,,,,,,
Avidxchange,2,37,low,0.081,http://www.avidxchange.com/,avidxchange.com,"Professional, Scientific, and Technical Services",Software Developers — 70; Computer and Information Systems Managers — 21; Software Quality Assurance Analysts and Testers — 17; Database Administrators — 5; Business Intelligence Analysts — 3,,,,,,
Dish Wireless,1,37,medium,0.141,,,Information,"Electronics Engineers, Except Computer — 134; Software Developers — 116; Computer Systems Engineers/Architects — 87; Information Technology Project Managers — 78; Data Scientists — 55",,,,needs_url,,
Greensky Management,1,37,high,0.323,,,Finance and Insurance,Software Developers — 26; Business Intelligence Analysts — 16; Data Scientists — 11; Financial Risk Specialists — 11; Financial Quantitative Analysts — 10,,,,needs_url,,
Microchip Technology,2,37,low,0.025,https://www.microchip.com/,microchip.com,"Machinery, Equipment, and Durable Goods Manufacturing","Electronics Engineers, Except Computer — 175; Software Developers — 94; Validation Engineers — 40; Electrical Engineers — 35; Software Quality Assurance Analysts and Testers — 13",,,,,,
National Oilwell Varco,1,37,medium,0.247,https://www.nov.com/,nov.com,"Mining, Quarrying, and Oil and Gas Extraction",Software Developers — 24; Mechanical Engineers — 15; Business Intelligence Analysts — 12; Data Scientists — 5; Computer Systems Engineers/Architects — 5,,,,,,
Sullivan & Cromwell,2,37,low,0.000,https://www.sullcrom.com,sullcrom.com,"Professional, Scientific, and Technical Services",Lawyers — 140,,,,,,
Upgrade,2,37,high,0.299,https://www.upgrade.com,upgrade.com,Finance and Insurance,Business Intelligence Analysts — 18; Software Developers — 17; Software Quality Assurance Analysts and Testers — 16; Credit Analysts — 13; Data Scientists — 11,,,,,,
Agilent Technologies,2,36,medium,0.113,https://www.agilent.com/,agilent.com,"Machinery, Equipment, and Durable Goods Manufacturing",Software Developers — 24; Computer Systems Engineers/Architects — 22; Chemists — 12; Biochemists and Biophysicists — 11; Information Technology Project Managers — 10,,,,,,
Alliancebernstein,1,36,low,0.096,https://www.alliancebernstein.com,alliancebernstein.com,Finance and Insurance,Financial and Investment Analysts — 67; Software Developers — 64; Financial Quantitative Analysts — 16; Operations Research Analysts — 13; Computer Systems Analysts — 6,,,,,,
Bernstein Institutional Services,1,36,medium,0.108,https://www.bernsteinresearch.com,bernsteinresearch.com,Finance and Insurance,Financial and Investment Analysts — 44; Financial Quantitative Analysts — 8; Business Intelligence Analysts — 5; Software Developers — 3; Data Scientists — 2,,,,,,
Carnival,1,36,high,0.393,https://www.carnivalcorp.com,carnivalcorp.com,Transportation,Software Developers — 36; Operations Research Analysts — 28; Computer Network Architects — 13; Business Intelligence Analysts — 9; Marine Engineers and Naval Architects — 9,,,,,,
"Cravath, Swaine & Moore",1,36,low,0.000,https://www.cravath.com,cravath.com,"Professional, Scientific, and Technical Services",Lawyers — 63,,,,,,
New York City Health And Hospitals,1,36,medium,0.162,https://www.nychealthandhospitals.org/,nychealthandhospitals.org,Health Care and Social Assistance,"Hospitalists — 29; Physicians, All Other — 24; General Internal Medicine Physicians — 10; Mental Health and Substance Abuse Social Workers — 10; Pediatricians, General — 9",,,,,,
The New York Times,1,36,medium,0.117,https://www.nytimes.com,nytimes.com,Information,Software Developers — 36; Editors — 11; Data Scientists — 9; Computer and Information Systems Managers — 6; Graphic Designers — 5,,,,,,
Pacific Gas And Electric,1,36,medium,0.145,https://pge.com,pge.com,Utilities,Software Developers — 34; Information Technology Project Managers — 9; Network and Computer Systems Administrators — 6; Architectural and Engineering Managers — 5; Electrical Engineers — 4,,,,,,
Ptc,2,36,medium,0.119,https://www.ptc.com,ptc.com,Information,Software Developers — 86; Information Technology Project Managers — 21; Computer Systems Engineers/Architects — 20; Business Intelligence Analysts — 17; Software Quality Assurance Analysts and Testers — 15,,,,,,
Svastha Infotech,1,36,medium,0.237,https://svasthainfotech.com,svasthainfotech.com,"Professional, Scientific, and Technical Services","Software Developers — 19; Software Quality Assurance Analysts and Testers — 9; Business Intelligence Analysts — 8; Database Administrators — 1; Computer Occupations, All Other — 1",,,,,,
University Of North Carolina At Charlotte,1,36,low,0.000,https://www.charlotte.edu?ao=1,charlotte.edu,Educational Services,"Engineering Teachers, Postsecondary — 20; Computer Science Teachers, Postsecondary — 14; Business Teachers, Postsecondary — 6; Art, Drama, and Music Teachers, Postsecondary — 5; Mathematical Science Teachers, Postsecondary — 5",,,,,,
Auris Health,1,35,low,0.021,https://aurishealth.com,aurishealth.com,"Machinery, Equipment, and Durable Goods Manufacturing",Mechanical Engineers — 44; Software Developers — 20; Electrical Engineers — 17; Bioengineers and Biomedical Engineers — 15; Industrial Engineers — 12,,,,,,
Bloom Energy,2,35,low,0.000,https://www.bloomenergy.com,bloomenergy.com,"Machinery, Equipment, and Durable Goods Manufacturing",Electrical Engineers — 18; Industrial Engineers — 11; Mechanical Engineers — 9; Software Developers — 8; Fuel Cell Engineers — 7,,,,,,
Cargurus,1,35,medium,0.198,https://www.cargurus.com/,cargurus.com,Information,Software Developers — 82; Business Intelligence Analysts — 11; Database Architects — 3; Data Scientists — 3; Operations Research Analysts — 3,,,,,,
Duke University Health System,1,35,low,0.000,https://www.dukehealth.org/,dukehealth.org,Educational Services,"Surgeons, All Other — 22; General Internal Medicine Physicians — 21; Physicists — 10; Emergency Medicine Physicians — 9; Anesthesiologists — 8",,,,,,
Gilead Sciences,1,35,high,0.275,https://gilead.com,gilead.com,"Professional, Scientific, and Technical Services","Computer and Information Systems Managers — 123; Biostatisticians — 87; Biochemists and Biophysicists — 67; Medical Scientists, Except Epidemiologists — 65; Chemists — 39",,,,,,
Kirkland & Ellis,2,35,low,0.006,https://www.kirkland.com/?refPageViewId=8c5a8eae559c6bd2,kirkland.com,"Professional, Scientific, and Technical Services",Lawyers — 166; Software Developers — 2; Network and Computer Systems Administrators — 1; Management Analysts — 1; Information Security Analysts — 1,,,,,,
Lazard Freres &,1,35,low,0.092,https://www.lazard.com,lazard.com,Finance and Insurance,Financial and Investment Analysts — 64; Software Developers — 20; Data Scientists — 4; Business Intelligence Analysts — 3; Computer Systems Analysts — 2,,,,,,
Navan,1,35,low,0.096,https://navan.com,navan.com,"Professional, Scientific, and Technical Services",Software Developers — 48; Information Technology Project Managers — 10; Computer and Information Systems Managers — 6; Business Intelligence Analysts — 6; Computer Systems Engineers/Architects — 6,,,,,,
Ripple Labs,1,35,low,0.099,https://ripple.com,ripple.com,Finance and Insurance,Software Developers — 52; Computer and Information Systems Managers — 18; Software Quality Assurance Analysts and Testers — 7; Financial Quantitative Analysts — 6; Data Scientists — 5,,,,,,
St. Luke's-Roosevelt Hospital Center,1,35,low,0.000,,,Health Care and Social Assistance,"Healthcare Practitioners and Technical Workers, All Other — 122; Medical and Clinical Laboratory Technologists — 11; Anesthesiologists — 4; Healthcare Social Workers — 3; Physicians, All Other — 3",,,,needs_url,,
Super Micro Computer,1,35,low,0.050,http://www.supermicro.com,supermicro.com,"Machinery, Equipment, and Durable Goods Manufacturing","Electrical Engineers — 18; Software Developers — 13; Mechanical Engineers — 11; Electronics Engineers, Except Computer — 8; Validation Engineers — 8",,,,,,
Themathcompany,1,35,high,0.939,https://mathco.com/,mathco.com,"Professional, Scientific, and Technical Services","Business Intelligence Analysts — 64; Data Scientists — 29; Computer Occupations, All Other — 2; Sales Engineers — 1; Project Management Specialists — 1",,,,,,
A.T. Kearney,1,34,low,0.090,https://www.kearney.com/,kearney.com,"Professional, Scientific, and Technical Services","Management Analysts — 188; Statisticians — 19; Industrial Engineers — 9; Medical Scientists, Except Epidemiologists — 4; Software Developers — 4",,,,,,
Air Worldwide,1,34,medium,0.200,http://www.air-worldwide.com,air-worldwide.com,Finance and Insurance,Software Developers — 36; Civil Engineers — 12; Software Quality Assurance Analysts and Testers — 12; Statisticians — 9; Database Administrators — 6,,,,,,
Harvard Medical Faculty Physicians At Beth Israel Deaconess Medical Center,1,34,low,0.000,https://hmfphysicians.org/,hmfphysicians.org,Health Care and Social Assistance,"Anesthesiologists — 31; Radiologists — 18; Medical Scientists, Except Epidemiologists — 10; General Internal Medicine Physicians — 9; Surgeons, All Other — 7",,,,,,
Imc Americas,1,34,medium,0.185,https://www.imc.com,imc.com,Finance and Insurance,Financial Quantitative Analysts — 40; Financial and Investment Analysts — 9; Statisticians — 7; Data Scientists — 5; Software Developers — 2,,,,,,
Linklaters,1,34,low,0.000,https://www.linklaters.com/,linklaters.com,"Professional, Scientific, and Technical Services",Lawyers — 95; General and Operations Managers — 2; Computer Systems Engineers/Architects — 2,,,,,,
Moelis & Company Group,1,34,low,0.015,https://www.moelis.com/,moelis.com,Finance and Insurance,Financial and Investment Analysts — 88; Financial Managers — 19; Financial Analysts — 12; Investment Fund Managers — 7; Data Scientists — 2,,,,,,
Moveworks,1,34,low,0.068,https://www.moveworks.com/,moveworks.com,"Professional, Scientific, and Technical Services",Software Developers — 49; Computer and Information Systems Managers — 12; Business Intelligence Analysts — 5; Compliance Managers — 1; Commercial and Industrial Designers — 1,,,,,,
"Spear Physical Therapy, Pllc",1,34,low,0.000,https://spearcenter.com,spearcenter.com,Health Care and Social Assistance,Physical Therapists — 79,,,,,,
Tempus Ai,1,34,medium,0.148,https://www.tempus.com,tempus.com,"Professional, Scientific, and Technical Services",Software Developers — 42; Bioinformatics Scientists — 27; Biostatisticians — 12; Medical and Clinical Laboratory Technologists — 6; Computer and Information Research Scientists — 5,,,,,,
University Of Massachusetts Boston,1,34,low,0.000,https://www.umb.edu,umb.edu,Educational Services,"Business Teachers, Postsecondary — 7; Computer Science Teachers, Postsecondary — 7; Environmental Science Teachers, Postsecondary — 6; Physics Teachers, Postsecondary — 5; Electrical Engineers, NonR&D — 4",,,,,,
"Weil, Gotshal & Manges",1,34,low,0.000,https://www.weil.com/,weil.com,"Professional, Scientific, and Technical Services",Lawyers — 82; Paralegals and Legal Assistants — 14,,,,,,
Frontage Laboratories,1,33,low,0.000,https://frontagelab.com,frontagelab.com,"Professional, Scientific, and Technical Services","Chemists — 59; Biological Scientists, All Other — 20; Budget Analysts — 4; Bioinformatics Scientists — 3; Medical Scientists, Except Epidemiologists — 3",,,,,,
Huron Consulting Services,1,33,low,0.042,https://www.huronconsultinggroup.com,huronconsultinggroup.com,"Professional, Scientific, and Technical Services",Software Developers — 74; Management Analysts — 31; Information Technology Project Managers — 4; Database Architects — 3; Computer and Information Systems Managers — 3,,,,,,
Infoneon Technologies,1,33,low,0.000,https://infoneontechnologies.com/,infoneontechnologies.com,"Professional, Scientific, and Technical Services",Computer Systems Engineers/Architects — 18; Computer Programmers — 17,,,,,,
Metaforge It Solutions,1,33,low,0.028,https://metaforgeit.com/,metaforgeit.com,"Professional, Scientific, and Technical Services",Software Developers — 63; Management Analysts — 2; Software Quality Assurance Analysts and Testers — 2; Network and Computer Systems Administrators — 1; Data Scientists — 1,,,,,,
Pepsico,1,33,high,0.456,https://pepsico.com,pepsico.com,"Food, Beverage, and Consumer Goods Manufacturing",Software Developers — 27; Data Scientists — 26; Database Architects — 16; Business Intelligence Analysts — 15; Computer and Information Systems Managers — 12,,,,,,
Bechtel Energy,1,32,low,0.033,https://www.bechtel.com/,bechtel.com,"Professional, Scientific, and Technical Services",Mechanical Engineers — 22; Civil Engineers — 18; Electrical Engineers — 11; Chemical Engineers — 11; Architectural and Engineering Managers — 7,,,,,,
Godaddy.Com,1,32,medium,0.196,https://www.godaddy.com/,godaddy.com,Information,"Software Developers — 213; Data Scientists — 42; Information Technology Project Managers — 34; Computer and Information Systems Managers — 25; Software Developers, Applications — 23",,,,,,
Hectologic,1,32,low,0.000,,,"Professional, Scientific, and Technical Services",Software Developers — 43; Network and Computer Systems Administrators — 1; Information Technology Project Managers — 1,,,,needs_url,,
Hrt Research,1,32,high,0.500,https://www.hudsonrivertrading.com/,hudsonrivertrading.com,"Professional, Scientific, and Technical Services",Statisticians — 44; Software Developers — 40; Mathematicians — 3; Operations Research Analysts — 1; Financial Quantitative Analysts — 1,,,,,,
Michaels Stores,1,32,low,0.078,https://www.michaels.com,michaels.com,Retail Trade Group Two,Software Developers — 83; Information Technology Project Managers — 19; Operations Research Analysts — 9; Computer Systems Engineers/Architects — 7; Computer and Information Systems Managers — 6,,,,,,
Nextdoor,1,32,medium,0.186,https://nextdoor.com,nextdoor.com,Information,Software Developers — 87; Data Scientists — 20; Market Research Analysts and Marketing Specialists — 6; Computer and Information Systems Managers — 4; Business Intelligence Analysts — 4,,,,,,
Slk America,1,32,low,0.003,https://www.slksoftware.com,slksoftware.com,"Professional, Scientific, and Technical Services",Software Developers — 288; Software Quality Assurance Analysts and Testers — 150; Information Technology Project Managers — 79; Computer Systems Analysts — 74; Computer Systems Engineers/Architects — 71,,,,,,
Stubhub,1,32,low,0.075,https://stubhub.com,stubhub.com,Retail Trade Group Two,"Software Developers — 46; Software Developers, Applications — 7; Market Research Analysts and Marketing Specialists — 6; Management Analysts — 6; Data Scientists — 4",,,,,,
Whoop,1,32,low,0.073,https://www.whoop.com/,whoop.com,"Professional, Scientific, and Technical Services",Software Developers — 34; Software Quality Assurance Analysts and Testers — 4; Business Intelligence Analysts — 3; Computer and Information Systems Managers — 3; Computer Hardware Engineers — 2,,,,,,
Xebia Usa,1,32,low,0.032,https://xebia.com/,xebia.com,"Professional, Scientific, and Technical Services",Software Developers — 59; Information Technology Project Managers — 21; Software Quality Assurance Analysts and Testers — 13; Management Analysts — 11; Computer and Information Systems Managers — 8,,,,,,
Alief Independent School District,1,31,low,0.000,https://www.aliefisd.net/,aliefisd.net,Educational Services,"Elementary School Teachers, Except Special Education — 54; Middle School Teachers, Except Special and Career/Technical Education — 14; Special Education Teachers, Elementary School — 3; Career/Technical Education Teachers, Middle School — 1",,,,,,
City Of Philadelphia,1,31,medium,0.244,https://www.phila.gov,phila.gov,Public Administration,Civil Engineers — 11; Environmental Engineers — 7; Operations Research Analysts — 5; Software Developers — 4; Data Scientists — 3,,,,,,
Grandison Management,1,31,low,0.000,https://grandisonusa.com,grandisonusa.com,Administrative and Support and Waste Management and Remediation Services,Physical Therapists — 1640; Occupational Therapists — 768; Radiation Therapists — 1,,,,,,
Illinois Institute Of Technology,1,31,low,0.000,https://iit.edu,iit.edu,Educational Services,"Business Teachers, Postsecondary — 10; Computer Science Teachers, Postsecondary — 7; Computer Systems Engineers/Architects — 4; Physicists — 4; Architecture Teachers, Postsecondary — 3",,,,,,
Isn Software,1,31,medium,0.190,https://isn.com,isn.com,Information,Software Developers — 46; Data Scientists — 10; Software Quality Assurance Analysts and Testers — 9; Business Intelligence Analysts — 4; Market Research Analysts and Marketing Specialists — 4,,,,,,
Mizuho Americas Services,1,31,low,0.072,https://www.mizuhoamericas.com/,mizuhoamericas.com,Finance and Insurance,Software Developers — 51; Computer Systems Analysts — 9; Computer Systems Engineers/Architects — 7; Financial Quantitative Analysts — 6; Financial Managers — 5,,,,,,
Om Partners Usa,1,31,high,0.714,https://omp.com/,omp.com,"Professional, Scientific, and Technical Services",Operations Research Analysts — 64; Software Developers — 9; Computer Systems Engineers/Architects — 8; Software Quality Assurance Analysts and Testers — 4; Logistics Engineers — 4,,,,,,
Rush Medical Group,1,31,low,0.000,https://www.rush.edu/,rush.edu,Health Care and Social Assistance,"General Internal Medicine Physicians — 8; Radiologists — 5; Surgeons, All Other — 5; Physicians, All Other — 3; Neurologists — 3",,,,,,
Sephora Usa,1,31,medium,0.186,https://www.sephora.com,sephora.com,Retail Trade,Software Developers — 48; Data Scientists — 18; Computer Systems Analysts — 17; Computer and Information Systems Managers — 16; Information Technology Project Managers — 11,,,,,,
University Of Chicago Medical Center,1,31,low,0.036,https://www.uchicagomedicine.org,uchicagomedicine.org,Health Care and Social Assistance,"Physicians, All Other — 36; Medical and Clinical Laboratory Technologists — 16; Physicists — 9; Management Analysts — 5; Surgeons, All Other — 4",,,,,,
Wing Aviation,1,31,low,0.053,https://www.wingaviation.com/,wingaviation.com,"Machinery, Equipment, and Durable Goods Manufacturing",Software Developers — 55; Mechanical Engineers — 10; Supply Chain Managers — 6; Business Intelligence Analysts — 5; Aerospace Engineers — 5,,,,,,
Xmotors.Ai,1,31,low,0.050,https://xmotors.ai,xmotors.ai,"Professional, Scientific, and Technical Services",Software Developers — 91; Data Scientists — 4; Mechanical Engineers — 2; Business Intelligence Analysts — 1; Information Technology Project Managers — 1,,,,,,
Creative Team,1,30,low,0.000,,,"Professional, Scientific, and Technical Services","Software Developers — 54; Computer Systems Analysts — 27; Software Developers, Applications — 4; Network and Computer Systems Administrators — 4; Human Resources Specialists — 4",,,,needs_url,,
Drexel University,1,30,low,0.000,https://drexel.edu,drexel.edu,Educational Services,"Medical Scientists, Except Epidemiologists — 13; Engineering Teachers, Postsecondary — 12; Computer Science Teachers, Postsecondary — 11; Business Teachers, Postsecondary — 8; Health Specialties Teachers, Postsecondary — 6",,,,,,
Electronic Arts,1,30,medium,0.199,https://www.ea.com,ea.com,"Professional, Scientific, and Technical Services",Software Developers — 183; Special Effects Artists and Animators — 41; Information Technology Project Managers — 36; Operations Research Analysts — 24; Computer Systems Engineers/Architects — 21,,,,,,
Firstnet Global,1,30,low,0.016,https://firstnetglobal.com/,firstnetglobal.com,not listed,"Computer Occupations, All Other — 31; Software Developers — 17; Network and Computer Systems Administrators — 5; Computer Systems Analysts — 3; Web Developers — 1",,,,,,
Glosoft Technologies,1,30,low,0.030,https://glosoftech.com/,glosoftech.com,"Professional, Scientific, and Technical Services",Computer Programmers — 32; Computer Systems Engineers/Architects — 18; Software Developers — 11; Computer Systems Analysts — 3; Database Administrators — 2,,,,,,
Incyte,1,30,high,0.354,https://www.incyte.com/,incyte.com,Materials and Chemical Manufacturing,Software Developers — 4; Biostatisticians — 26; Chemists — 17; Biochemists and Biophysicists — 12; Molecular and Cellular Biologists — 5,,,,,,
Infodat International,1,30,medium,0.113,https://www.infodatinc.com/,infodatinc.com,"Professional, Scientific, and Technical Services",Software Developers — 80; Data Scientists — 6; Software Quality Assurance Analysts and Testers — 4; Information Technology Project Managers — 4; Computer Systems Engineers/Architects — 4,,,,,,
Mahendra,1,30,low,0.000,,,"Professional, Scientific, and Technical Services",Software Developers — 30,,,,needs_url,,
Mainspring Energy,1,30,low,0.048,https://mainspringenergy.com/,mainspringenergy.com,"Machinery, Equipment, and Durable Goods Manufacturing",Mechanical Engineers — 28; Manufacturing Engineers — 6; Software Developers — 5; Software Quality Assurance Analysts and Testers — 5; Computer Systems Engineers/Architects — 4,,,,,,
Tower Research Capital,1,30,medium,0.143,https://www.tower-research.com,tower-research.com,Finance and Insurance,Financial Quantitative Analysts — 34; Software Developers — 25; Financial and Investment Analysts — 18; Data Scientists — 8; Statisticians — 5,,,,,,
Ambarella,1,30,low,0.013,https://www.ambarella.com/,ambarella.com,"Machinery, Equipment, and Durable Goods Manufacturing","Software Developers — 40; Electronics Engineers, Except Computer — 20; Electrical Engineers — 9; Software Quality Assurance Analysts and Testers — 2; Software Developers, Systems Software — 2",,,,,,
The Wistar Institute Of Anatomy And Biology,1,30,low,0.013,https://www.wistar.org,wistar.org,"Professional, Scientific, and Technical Services",Biochemists and Biophysicists — 56; Biological Technicians — 11; Bioinformatics Scientists — 4; Bioinformatics Technicians — 3; Biostatisticians — 1,,,,,,
